[{"name":"ArticleCard","qualifiedName":"ArticleCard","href":"customWidgets_cards_ArticleCard/customWidgets_cards_ArticleCard-library.html","type":"library","overriddenDepth":0,"packageName":"milk_matters_donor_app"},{"name":"ArticleCard","qualifiedName":"ArticleCard.ArticleCard","href":"customWidgets_cards_ArticleCard/ArticleCard-class.html","type":"class","overriddenDepth":0,"packageName":"milk_matters_donor_app","enclosedBy":{"name":"ArticleCard","type":"library"}},{"name":"ArticleCard","qualifiedName":"ArticleCard.ArticleCard.ArticleCard","href":"customWidgets_cards_ArticleCard/ArticleCard/ArticleCard.html","type":"constructor","overriddenDepth":0,"packageName":"milk_matters_donor_app","enclosedBy":{"name":"ArticleCard","type":"class"}},{"name":"build","qualifiedName":"ArticleCard.ArticleCard.build","href":"customWidgets_cards_ArticleCard/ArticleCard/build.html","type":"method","overriddenDepth":1,"packageName":"milk_matters_donor_app","enclosedBy":{"name":"ArticleCard","type":"class"}},{"name":"eduArticle","qualifiedName":"ArticleCard.ArticleCard.eduArticle","href":"customWidgets_cards_ArticleCard/ArticleCard/eduArticle.html","type":"property","overriddenDepth":0,"packageName":"milk_matters_donor_app","enclosedBy":{"name":"ArticleCard","type":"class"}},{"name":"AuthExceptionHandler","qualifiedName":"AuthExceptionHandler","href":"helpers_AuthExceptionHandler/helpers_AuthExceptionHandler-library.html","type":"library","overriddenDepth":0,"packageName":"milk_matters_donor_app"},{"name":"AuthExceptionHandler","qualifiedName":"AuthExceptionHandler.AuthExceptionHandler","href":"helpers_AuthExceptionHandler/AuthExceptionHandler-class.html","type":"class","overriddenDepth":0,"packageName":"milk_matters_donor_app","enclosedBy":{"name":"AuthExceptionHandler","type":"library"}},{"name":"AuthExceptionHandler","qualifiedName":"AuthExceptionHandler.AuthExceptionHandler.AuthExceptionHandler","href":"helpers_AuthExceptionHandler/AuthExceptionHandler/AuthExceptionHandler.html","type":"constructor","overriddenDepth":0,"packageName":"milk_matters_donor_app","enclosedBy":{"name":"AuthExceptionHandler","type":"class"}},{"name":"generateExceptionMessage","qualifiedName":"AuthExceptionHandler.AuthExceptionHandler.generateExceptionMessage","href":"helpers_AuthExceptionHandler/AuthExceptionHandler/generateExceptionMessage.html","type":"method","overriddenDepth":0,"packageName":"milk_matters_donor_app","enclosedBy":{"name":"AuthExceptionHandler","type":"class"}},{"name":"handleException","qualifiedName":"AuthExceptionHandler.AuthExceptionHandler.handleException","href":"helpers_AuthExceptionHandler/AuthExceptionHandler/handleException.html","type":"method","overriddenDepth":0,"packageName":"milk_matters_donor_app","enclosedBy":{"name":"AuthExceptionHandler","type":"class"}},{"name":"AuthResultStatus","qualifiedName":"AuthResultStatus","href":"helpers_AuthResultStatus/helpers_AuthResultStatus-library.html","type":"library","overriddenDepth":0,"packageName":"milk_matters_donor_app"},{"name":"AuthResultStatus","qualifiedName":"AuthResultStatus.AuthResultStatus","href":"helpers_AuthResultStatus/AuthResultStatus-class.html","type":"enum","overriddenDepth":0,"packageName":"milk_matters_donor_app","enclosedBy":{"name":"AuthResultStatus","type":"library"}},{"name":"toString","qualifiedName":"AuthResultStatus.AuthResultStatus.toString","href":"helpers_AuthResultStatus/AuthResultStatus/toString.html","type":"method","overriddenDepth":1,"packageName":"milk_matters_donor_app","enclosedBy":{"name":"AuthResultStatus","type":"enum"}},{"name":"AuthWrapper","qualifiedName":"AuthWrapper","href":"screens_AuthWrapper/screens_AuthWrapper-library.html","type":"library","overriddenDepth":0,"packageName":"milk_matters_donor_app"},{"name":"Wrapper","qualifiedName":"AuthWrapper.Wrapper","href":"screens_AuthWrapper/Wrapper-class.html","type":"class","overriddenDepth":0,"packageName":"milk_matters_donor_app","enclosedBy":{"name":"AuthWrapper","type":"library"}},{"name":"Wrapper","qualifiedName":"AuthWrapper.Wrapper.Wrapper","href":"screens_AuthWrapper/Wrapper/Wrapper.html","type":"constructor","overriddenDepth":0,"packageName":"milk_matters_donor_app","enclosedBy":{"name":"Wrapper","type":"class"}},{"name":"build","qualifiedName":"AuthWrapper.Wrapper.build","href":"screens_AuthWrapper/Wrapper/build.html","type":"method","overriddenDepth":1,"packageName":"milk_matters_donor_app","enclosedBy":{"name":"Wrapper","type":"class"}},{"name":"mmLogoImg","qualifiedName":"AuthWrapper.Wrapper.mmLogoImg","href":"screens_AuthWrapper/Wrapper/mmLogoImg.html","type":"property","overriddenDepth":0,"packageName":"milk_matters_donor_app","enclosedBy":{"name":"Wrapper","type":"class"}},{"name":"Base64Image","qualifiedName":"Base64Image","href":"helpers_Base64Image/helpers_Base64Image-library.html","type":"library","overriddenDepth":0,"packageName":"milk_matters_donor_app"},{"name":"base64String","qualifiedName":"Base64Image.base64String","href":"helpers_Base64Image/base64String.html","type":"function","overriddenDepth":0,"packageName":"milk_matters_donor_app","enclosedBy":{"name":"Base64Image","type":"library"}},{"name":"dataFromBase64String","qualifiedName":"Base64Image.dataFromBase64String","href":"helpers_Base64Image/dataFromBase64String.html","type":"function","overriddenDepth":0,"packageName":"milk_matters_donor_app","enclosedBy":{"name":"Base64Image","type":"library"}},{"name":"imageFromBase64String","qualifiedName":"Base64Image.imageFromBase64String","href":"helpers_Base64Image/imageFromBase64String.html","type":"function","overriddenDepth":0,"packageName":"milk_matters_donor_app","enclosedBy":{"name":"Base64Image","type":"library"}},{"name":"BecomeADonor","qualifiedName":"BecomeADonor","href":"screens_BecomeADonor/screens_BecomeADonor-library.html","type":"library","overriddenDepth":0,"packageName":"milk_matters_donor_app"},{"name":"BecomeADonor","qualifiedName":"BecomeADonor.BecomeADonor","href":"screens_BecomeADonor/BecomeADonor-class.html","type":"class","overriddenDepth":0,"packageName":"milk_matters_donor_app","enclosedBy":{"name":"BecomeADonor","type":"library"}},{"name":"BecomeADonor","qualifiedName":"BecomeADonor.BecomeADonor.BecomeADonor","href":"screens_BecomeADonor/BecomeADonor/BecomeADonor.html","type":"constructor","overriddenDepth":0,"packageName":"milk_matters_donor_app","enclosedBy":{"name":"BecomeADonor","type":"class"}},{"name":"createState","qualifiedName":"BecomeADonor.BecomeADonor.createState","href":"screens_BecomeADonor/BecomeADonor/createState.html","type":"method","overriddenDepth":1,"packageName":"milk_matters_donor_app","enclosedBy":{"name":"BecomeADonor","type":"class"}},{"name":"ContactAbout","qualifiedName":"ContactAbout","href":"screens_ContactAbout/screens_ContactAbout-library.html","type":"library","overriddenDepth":0,"packageName":"milk_matters_donor_app"},{"name":"ContactAbout","qualifiedName":"ContactAbout.ContactAbout","href":"screens_ContactAbout/ContactAbout-class.html","type":"class","overriddenDepth":0,"packageName":"milk_matters_donor_app","enclosedBy":{"name":"ContactAbout","type":"library"}},{"name":"ContactAbout","qualifiedName":"ContactAbout.ContactAbout.ContactAbout","href":"screens_ContactAbout/ContactAbout/ContactAbout.html","type":"constructor","overriddenDepth":0,"packageName":"milk_matters_donor_app","enclosedBy":{"name":"ContactAbout","type":"class"}},{"name":"build","qualifiedName":"ContactAbout.ContactAbout.build","href":"screens_ContactAbout/ContactAbout/build.html","type":"method","overriddenDepth":1,"packageName":"milk_matters_donor_app","enclosedBy":{"name":"ContactAbout","type":"class"}},{"name":"DeclareDonationDropoff","qualifiedName":"DeclareDonationDropoff","href":"screens_donationTracking_DeclareDonationDropoff/screens_donationTracking_DeclareDonationDropoff-library.html","type":"library","overriddenDepth":0,"packageName":"milk_matters_donor_app"},{"name":"DeclareDonationDropoff","qualifiedName":"DeclareDonationDropoff.DeclareDonationDropoff","href":"screens_donationTracking_DeclareDonationDropoff/DeclareDonationDropoff-class.html","type":"class","overriddenDepth":0,"packageName":"milk_matters_donor_app","enclosedBy":{"name":"DeclareDonationDropoff","type":"library"}},{"name":"DeclareDonationDropoff","qualifiedName":"DeclareDonationDropoff.DeclareDonationDropoff.DeclareDonationDropoff","href":"screens_donationTracking_DeclareDonationDropoff/DeclareDonationDropoff/DeclareDonationDropoff.html","type":"constructor","overriddenDepth":0,"packageName":"milk_matters_donor_app","enclosedBy":{"name":"DeclareDonationDropoff","type":"class"}},{"name":"createState","qualifiedName":"DeclareDonationDropoff.DeclareDonationDropoff.createState","href":"screens_donationTracking_DeclareDonationDropoff/DeclareDonationDropoff/createState.html","type":"method","overriddenDepth":1,"packageName":"milk_matters_donor_app","enclosedBy":{"name":"DeclareDonationDropoff","type":"class"}},{"name":"Depot","qualifiedName":"Depot","href":"models_Depot/models_Depot-library.html","type":"library","overriddenDepth":0,"packageName":"milk_matters_donor_app"},{"name":"Depot","qualifiedName":"Depot.Depot","href":"models_Depot/Depot-class.html","type":"class","overriddenDepth":0,"packageName":"milk_matters_donor_app","enclosedBy":{"name":"Depot","type":"library"}},{"name":"Depot","qualifiedName":"Depot.Depot.Depot","href":"models_Depot/Depot/Depot.html","type":"constructor","overriddenDepth":0,"packageName":"milk_matters_donor_app","enclosedBy":{"name":"Depot","type":"class"}},{"name":"address","qualifiedName":"Depot.Depot.address","href":"models_Depot/Depot/address.html","type":"property","overriddenDepth":0,"packageName":"milk_matters_donor_app","enclosedBy":{"name":"Depot","type":"class"}},{"name":"comments","qualifiedName":"Depot.Depot.comments","href":"models_Depot/Depot/comments.html","type":"property","overriddenDepth":0,"packageName":"milk_matters_donor_app","enclosedBy":{"name":"Depot","type":"class"}},{"name":"contactNumber","qualifiedName":"Depot.Depot.contactNumber","href":"models_Depot/Depot/contactNumber.html","type":"property","overriddenDepth":0,"packageName":"milk_matters_donor_app","enclosedBy":{"name":"Depot","type":"class"}},{"name":"Depot.fromMap","qualifiedName":"Depot.Depot.fromMap","href":"models_Depot/Depot/Depot.fromMap.html","type":"constructor","overriddenDepth":0,"packageName":"milk_matters_donor_app","enclosedBy":{"name":"Depot","type":"class"}},{"name":"id","qualifiedName":"Depot.Depot.id","href":"models_Depot/Depot/id.html","type":"property","overriddenDepth":0,"packageName":"milk_matters_donor_app","enclosedBy":{"name":"Depot","type":"class"}},{"name":"lat","qualifiedName":"Depot.Depot.lat","href":"models_Depot/Depot/lat.html","type":"property","overriddenDepth":0,"packageName":"milk_matters_donor_app","enclosedBy":{"name":"Depot","type":"class"}},{"name":"long","qualifiedName":"Depot.Depot.long","href":"models_Depot/Depot/long.html","type":"property","overriddenDepth":0,"packageName":"milk_matters_donor_app","enclosedBy":{"name":"Depot","type":"class"}},{"name":"name","qualifiedName":"Depot.Depot.name","href":"models_Depot/Depot/name.html","type":"property","overriddenDepth":0,"packageName":"milk_matters_donor_app","enclosedBy":{"name":"Depot","type":"class"}},{"name":"toMap","qualifiedName":"Depot.Depot.toMap","href":"models_Depot/Depot/toMap.html","type":"method","overriddenDepth":0,"packageName":"milk_matters_donor_app","enclosedBy":{"name":"Depot","type":"class"}},{"name":"DepotCard","qualifiedName":"DepotCard","href":"customWidgets_cards_DepotCard/customWidgets_cards_DepotCard-library.html","type":"library","overriddenDepth":0,"packageName":"milk_matters_donor_app"},{"name":"DepotCard","qualifiedName":"DepotCard.DepotCard","href":"customWidgets_cards_DepotCard/DepotCard-class.html","type":"class","overriddenDepth":0,"packageName":"milk_matters_donor_app","enclosedBy":{"name":"DepotCard","type":"library"}},{"name":"DepotCard","qualifiedName":"DepotCard.DepotCard.DepotCard","href":"customWidgets_cards_DepotCard/DepotCard/DepotCard.html","type":"constructor","overriddenDepth":0,"packageName":"milk_matters_donor_app","enclosedBy":{"name":"DepotCard","type":"class"}},{"name":"build","qualifiedName":"DepotCard.DepotCard.build","href":"customWidgets_cards_DepotCard/DepotCard/build.html","type":"method","overriddenDepth":1,"packageName":"milk_matters_donor_app","enclosedBy":{"name":"DepotCard","type":"class"}},{"name":"depot","qualifiedName":"DepotCard.DepotCard.depot","href":"customWidgets_cards_DepotCard/DepotCard/depot.html","type":"property","overriddenDepth":0,"packageName":"milk_matters_donor_app","enclosedBy":{"name":"DepotCard","type":"class"}},{"name":"DepotLocator","qualifiedName":"DepotLocator","href":"screens_depotLocator_DepotLocator/screens_depotLocator_DepotLocator-library.html","type":"library","overriddenDepth":0,"packageName":"milk_matters_donor_app"},{"name":"DepotLocator","qualifiedName":"DepotLocator.DepotLocator","href":"screens_depotLocator_DepotLocator/DepotLocator-class.html","type":"class","overriddenDepth":0,"packageName":"milk_matters_donor_app","enclosedBy":{"name":"DepotLocator","type":"library"}},{"name":"DepotLocator","qualifiedName":"DepotLocator.DepotLocator.DepotLocator","href":"screens_depotLocator_DepotLocator/DepotLocator/DepotLocator.html","type":"constructor","overriddenDepth":0,"packageName":"milk_matters_donor_app","enclosedBy":{"name":"DepotLocator","type":"class"}},{"name":"createState","qualifiedName":"DepotLocator.DepotLocator.createState","href":"screens_depotLocator_DepotLocator/DepotLocator/createState.html","type":"method","overriddenDepth":1,"packageName":"milk_matters_donor_app","enclosedBy":{"name":"DepotLocator","type":"class"}},{"name":"Depots","qualifiedName":"Depots","href":"screens_depotLocator_Depots/screens_depotLocator_Depots-library.html","type":"library","overriddenDepth":0,"packageName":"milk_matters_donor_app"},{"name":"Depots","qualifiedName":"Depots.Depots","href":"screens_depotLocator_Depots/Depots-class.html","type":"class","overriddenDepth":0,"packageName":"milk_matters_donor_app","enclosedBy":{"name":"Depots","type":"library"}},{"name":"Depots","qualifiedName":"Depots.Depots.Depots","href":"screens_depotLocator_Depots/Depots/Depots.html","type":"constructor","overriddenDepth":0,"packageName":"milk_matters_donor_app","enclosedBy":{"name":"Depots","type":"class"}},{"name":"build","qualifiedName":"Depots.Depots.build","href":"screens_depotLocator_Depots/Depots/build.html","type":"method","overriddenDepth":1,"packageName":"milk_matters_donor_app","enclosedBy":{"name":"Depots","type":"class"}},{"name":"DonationAmountGraph","qualifiedName":"DonationAmountGraph","href":"screens_donationTracking_DonationAmountGraph/screens_donationTracking_DonationAmountGraph-library.html","type":"library","overriddenDepth":0,"packageName":"milk_matters_donor_app"},{"name":"DonationAmountGraph","qualifiedName":"DonationAmountGraph.DonationAmountGraph","href":"screens_donationTracking_DonationAmountGraph/DonationAmountGraph-class.html","type":"class","overriddenDepth":0,"packageName":"milk_matters_donor_app","enclosedBy":{"name":"DonationAmountGraph","type":"library"}},{"name":"DonationAmountGraph","qualifiedName":"DonationAmountGraph.DonationAmountGraph.DonationAmountGraph","href":"screens_donationTracking_DonationAmountGraph/DonationAmountGraph/DonationAmountGraph.html","type":"constructor","overriddenDepth":0,"packageName":"milk_matters_donor_app","enclosedBy":{"name":"DonationAmountGraph","type":"class"}},{"name":"createState","qualifiedName":"DonationAmountGraph.DonationAmountGraph.createState","href":"screens_donationTracking_DonationAmountGraph/DonationAmountGraph/createState.html","type":"method","overriddenDepth":1,"packageName":"milk_matters_donor_app","enclosedBy":{"name":"DonationAmountGraph","type":"class"}},{"name":"DonationDropoff","qualifiedName":"DonationDropoff","href":"models_DonationDropoff/models_DonationDropoff-library.html","type":"library","overriddenDepth":0,"packageName":"milk_matters_donor_app"},{"name":"DonationDropoff","qualifiedName":"DonationDropoff.DonationDropoff","href":"models_DonationDropoff/DonationDropoff-class.html","type":"class","overriddenDepth":0,"packageName":"milk_matters_donor_app","enclosedBy":{"name":"DonationDropoff","type":"library"}},{"name":"DonationDropoff","qualifiedName":"DonationDropoff.DonationDropoff.DonationDropoff","href":"models_DonationDropoff/DonationDropoff/DonationDropoff.html","type":"constructor","overriddenDepth":0,"packageName":"milk_matters_donor_app","enclosedBy":{"name":"DonationDropoff","type":"class"}},{"name":"amount","qualifiedName":"DonationDropoff.DonationDropoff.amount","href":"models_DonationDropoff/DonationDropoff/amount.html","type":"property","overriddenDepth":0,"packageName":"milk_matters_donor_app","enclosedBy":{"name":"DonationDropoff","type":"class"}},{"name":"dateDroppedOff","qualifiedName":"DonationDropoff.DonationDropoff.dateDroppedOff","href":"models_DonationDropoff/DonationDropoff/dateDroppedOff.html","type":"property","overriddenDepth":0,"packageName":"milk_matters_donor_app","enclosedBy":{"name":"DonationDropoff","type":"class"}},{"name":"depotId","qualifiedName":"DonationDropoff.DonationDropoff.depotId","href":"models_DonationDropoff/DonationDropoff/depotId.html","type":"property","overriddenDepth":0,"packageName":"milk_matters_donor_app","enclosedBy":{"name":"DonationDropoff","type":"class"}},{"name":"donorEmail","qualifiedName":"DonationDropoff.DonationDropoff.donorEmail","href":"models_DonationDropoff/DonationDropoff/donorEmail.html","type":"property","overriddenDepth":0,"packageName":"milk_matters_donor_app","enclosedBy":{"name":"DonationDropoff","type":"class"}},{"name":"donorNumber","qualifiedName":"DonationDropoff.DonationDropoff.donorNumber","href":"models_DonationDropoff/DonationDropoff/donorNumber.html","type":"property","overriddenDepth":0,"packageName":"milk_matters_donor_app","enclosedBy":{"name":"DonationDropoff","type":"class"}},{"name":"DonationDropoff.fromMap","qualifiedName":"DonationDropoff.DonationDropoff.fromMap","href":"models_DonationDropoff/DonationDropoff/DonationDropoff.fromMap.html","type":"constructor","overriddenDepth":0,"packageName":"milk_matters_donor_app","enclosedBy":{"name":"DonationDropoff","type":"class"}},{"name":"toMap","qualifiedName":"DonationDropoff.DonationDropoff.toMap","href":"models_DonationDropoff/DonationDropoff/toMap.html","type":"method","overriddenDepth":0,"packageName":"milk_matters_donor_app","enclosedBy":{"name":"DonationDropoff","type":"class"}},{"name":"toString","qualifiedName":"DonationDropoff.DonationDropoff.toString","href":"models_DonationDropoff/DonationDropoff/toString.html","type":"method","overriddenDepth":1,"packageName":"milk_matters_donor_app","enclosedBy":{"name":"DonationDropoff","type":"class"}},{"name":"DonationGraphs","qualifiedName":"DonationGraphs","href":"screens_donationTracking_DonationGraphs/screens_donationTracking_DonationGraphs-library.html","type":"library","overriddenDepth":0,"packageName":"milk_matters_donor_app"},{"name":"DonationGraphs","qualifiedName":"DonationGraphs.DonationGraphs","href":"screens_donationTracking_DonationGraphs/DonationGraphs-class.html","type":"class","overriddenDepth":0,"packageName":"milk_matters_donor_app","enclosedBy":{"name":"DonationGraphs","type":"library"}},{"name":"DonationGraphs","qualifiedName":"DonationGraphs.DonationGraphs.DonationGraphs","href":"screens_donationTracking_DonationGraphs/DonationGraphs/DonationGraphs.html","type":"constructor","overriddenDepth":0,"packageName":"milk_matters_donor_app","enclosedBy":{"name":"DonationGraphs","type":"class"}},{"name":"createState","qualifiedName":"DonationGraphs.DonationGraphs.createState","href":"screens_donationTracking_DonationGraphs/DonationGraphs/createState.html","type":"method","overriddenDepth":1,"packageName":"milk_matters_donor_app","enclosedBy":{"name":"DonationGraphs","type":"class"}},{"name":"DonationTracker","qualifiedName":"DonationTracker","href":"screens_donationTracking_DonationTracker/screens_donationTracking_DonationTracker-library.html","type":"library","overriddenDepth":0,"packageName":"milk_matters_donor_app"},{"name":"DonationTracker","qualifiedName":"DonationTracker.DonationTracker","href":"screens_donationTracking_DonationTracker/DonationTracker-class.html","type":"class","overriddenDepth":0,"packageName":"milk_matters_donor_app","enclosedBy":{"name":"DonationTracker","type":"library"}},{"name":"DonationTracker","qualifiedName":"DonationTracker.DonationTracker.DonationTracker","href":"screens_donationTracking_DonationTracker/DonationTracker/DonationTracker.html","type":"constructor","overriddenDepth":0,"packageName":"milk_matters_donor_app","enclosedBy":{"name":"DonationTracker","type":"class"}},{"name":"createState","qualifiedName":"DonationTracker.DonationTracker.createState","href":"screens_donationTracking_DonationTracker/DonationTracker/createState.html","type":"method","overriddenDepth":1,"packageName":"milk_matters_donor_app","enclosedBy":{"name":"DonationTracker","type":"class"}},{"name":"DonorUser","qualifiedName":"DonorUser","href":"models_DonorUser/models_DonorUser-library.html","type":"library","overriddenDepth":0,"packageName":"milk_matters_donor_app"},{"name":"DonorUser","qualifiedName":"DonorUser.DonorUser","href":"models_DonorUser/DonorUser-class.html","type":"class","overriddenDepth":0,"packageName":"milk_matters_donor_app","enclosedBy":{"name":"DonorUser","type":"library"}},{"name":"DonorUser","qualifiedName":"DonorUser.DonorUser.DonorUser","href":"models_DonorUser/DonorUser/DonorUser.html","type":"constructor","overriddenDepth":0,"packageName":"milk_matters_donor_app","enclosedBy":{"name":"DonorUser","type":"class"}},{"name":"donorNumber","qualifiedName":"DonorUser.DonorUser.donorNumber","href":"models_DonorUser/DonorUser/donorNumber.html","type":"property","overriddenDepth":0,"packageName":"milk_matters_donor_app","enclosedBy":{"name":"DonorUser","type":"class"}},{"name":"email","qualifiedName":"DonorUser.DonorUser.email","href":"models_DonorUser/DonorUser/email.html","type":"property","overriddenDepth":0,"packageName":"milk_matters_donor_app","enclosedBy":{"name":"DonorUser","type":"class"}},{"name":"fullName","qualifiedName":"DonorUser.DonorUser.fullName","href":"models_DonorUser/DonorUser/fullName.html","type":"property","overriddenDepth":0,"packageName":"milk_matters_donor_app","enclosedBy":{"name":"DonorUser","type":"class"}},{"name":"phoneNumber","qualifiedName":"DonorUser.DonorUser.phoneNumber","href":"models_DonorUser/DonorUser/phoneNumber.html","type":"property","overriddenDepth":0,"packageName":"milk_matters_donor_app","enclosedBy":{"name":"DonorUser","type":"class"}},{"name":"toMap","qualifiedName":"DonorUser.DonorUser.toMap","href":"models_DonorUser/DonorUser/toMap.html","type":"method","overriddenDepth":0,"packageName":"milk_matters_donor_app","enclosedBy":{"name":"DonorUser","type":"class"}},{"name":"EducationArticle","qualifiedName":"EducationArticle","href":"models_EducationArticle/models_EducationArticle-library.html","type":"library","overriddenDepth":0,"packageName":"milk_matters_donor_app"},{"name":"EducationArticle","qualifiedName":"EducationArticle.EducationArticle","href":"models_EducationArticle/EducationArticle-class.html","type":"class","overriddenDepth":0,"packageName":"milk_matters_donor_app","enclosedBy":{"name":"EducationArticle","type":"library"}},{"name":"EducationArticle","qualifiedName":"EducationArticle.EducationArticle.EducationArticle","href":"models_EducationArticle/EducationArticle/EducationArticle.html","type":"constructor","overriddenDepth":0,"packageName":"milk_matters_donor_app","enclosedBy":{"name":"EducationArticle","type":"class"}},{"name":"compareTo","qualifiedName":"EducationArticle.EducationArticle.compareTo","href":"models_EducationArticle/EducationArticle/compareTo.html","type":"method","overriddenDepth":0,"packageName":"milk_matters_donor_app","enclosedBy":{"name":"EducationArticle","type":"class"}},{"name":"dateAdded","qualifiedName":"EducationArticle.EducationArticle.dateAdded","href":"models_EducationArticle/EducationArticle/dateAdded.html","type":"property","overriddenDepth":0,"packageName":"milk_matters_donor_app","enclosedBy":{"name":"EducationArticle","type":"class"}},{"name":"description","qualifiedName":"EducationArticle.EducationArticle.description","href":"models_EducationArticle/EducationArticle/description.html","type":"property","overriddenDepth":0,"packageName":"milk_matters_donor_app","enclosedBy":{"name":"EducationArticle","type":"class"}},{"name":"EducationArticle.fromMap","qualifiedName":"EducationArticle.EducationArticle.fromMap","href":"models_EducationArticle/EducationArticle/EducationArticle.fromMap.html","type":"constructor","overriddenDepth":0,"packageName":"milk_matters_donor_app","enclosedBy":{"name":"EducationArticle","type":"class"}},{"name":"image","qualifiedName":"EducationArticle.EducationArticle.image","href":"models_EducationArticle/EducationArticle/image.html","type":"property","overriddenDepth":0,"packageName":"milk_matters_donor_app","enclosedBy":{"name":"EducationArticle","type":"class"}},{"name":"title","qualifiedName":"EducationArticle.EducationArticle.title","href":"models_EducationArticle/EducationArticle/title.html","type":"property","overriddenDepth":0,"packageName":"milk_matters_donor_app","enclosedBy":{"name":"EducationArticle","type":"class"}},{"name":"toMap","qualifiedName":"EducationArticle.EducationArticle.toMap","href":"models_EducationArticle/EducationArticle/toMap.html","type":"method","overriddenDepth":0,"packageName":"milk_matters_donor_app","enclosedBy":{"name":"EducationArticle","type":"class"}},{"name":"url","qualifiedName":"EducationArticle.EducationArticle.url","href":"models_EducationArticle/EducationArticle/url.html","type":"property","overriddenDepth":0,"packageName":"milk_matters_donor_app","enclosedBy":{"name":"EducationArticle","type":"class"}},{"name":"EducationArticles","qualifiedName":"EducationArticles","href":"screens_education_EducationArticles/screens_education_EducationArticles-library.html","type":"library","overriddenDepth":0,"packageName":"milk_matters_donor_app"},{"name":"EducationArticles","qualifiedName":"EducationArticles.EducationArticles","href":"screens_education_EducationArticles/EducationArticles-class.html","type":"class","overriddenDepth":0,"packageName":"milk_matters_donor_app","enclosedBy":{"name":"EducationArticles","type":"library"}},{"name":"EducationArticles","qualifiedName":"EducationArticles.EducationArticles.EducationArticles","href":"screens_education_EducationArticles/EducationArticles/EducationArticles.html","type":"constructor","overriddenDepth":0,"packageName":"milk_matters_donor_app","enclosedBy":{"name":"EducationArticles","type":"class"}},{"name":"arguementData","qualifiedName":"EducationArticles.EducationArticles.arguementData","href":"screens_education_EducationArticles/EducationArticles/arguementData.html","type":"property","overriddenDepth":0,"packageName":"milk_matters_donor_app","enclosedBy":{"name":"EducationArticles","type":"class"}},{"name":"articles","qualifiedName":"EducationArticles.EducationArticles.articles","href":"screens_education_EducationArticles/EducationArticles/articles.html","type":"property","overriddenDepth":0,"packageName":"milk_matters_donor_app","enclosedBy":{"name":"EducationArticles","type":"class"}},{"name":"build","qualifiedName":"EducationArticles.EducationArticles.build","href":"screens_education_EducationArticles/EducationArticles/build.html","type":"method","overriddenDepth":1,"packageName":"milk_matters_donor_app","enclosedBy":{"name":"EducationArticles","type":"class"}},{"name":"EducationCategories","qualifiedName":"EducationCategories","href":"screens_education_EducationCategories/screens_education_EducationCategories-library.html","type":"library","overriddenDepth":0,"packageName":"milk_matters_donor_app"},{"name":"EducationCategories","qualifiedName":"EducationCategories.EducationCategories","href":"screens_education_EducationCategories/EducationCategories-class.html","type":"class","overriddenDepth":0,"packageName":"milk_matters_donor_app","enclosedBy":{"name":"EducationCategories","type":"library"}},{"name":"EducationCategories","qualifiedName":"EducationCategories.EducationCategories.EducationCategories","href":"screens_education_EducationCategories/EducationCategories/EducationCategories.html","type":"constructor","overriddenDepth":0,"packageName":"milk_matters_donor_app","enclosedBy":{"name":"EducationCategories","type":"class"}},{"name":"createState","qualifiedName":"EducationCategories.EducationCategories.createState","href":"screens_education_EducationCategories/EducationCategories/createState.html","type":"method","overriddenDepth":1,"packageName":"milk_matters_donor_app","enclosedBy":{"name":"EducationCategories","type":"class"}},{"name":"EducationCategory","qualifiedName":"EducationCategory","href":"models_EducationCategory/models_EducationCategory-library.html","type":"library","overriddenDepth":0,"packageName":"milk_matters_donor_app"},{"name":"EducationCategory","qualifiedName":"EducationCategory","href":"Models_EducationCategory/Models_EducationCategory-library.html","type":"library","overriddenDepth":0,"packageName":"milk_matters_donor_app"},{"name":"EducationCategory","qualifiedName":"EducationCategory.EducationCategory","href":"models_EducationCategory/EducationCategory-class.html","type":"class","overriddenDepth":0,"packageName":"milk_matters_donor_app","enclosedBy":{"name":"EducationCategory","type":"library"}},{"name":"EducationCategory","qualifiedName":"EducationCategory.EducationCategory","href":"Models_EducationCategory/EducationCategory-class.html","type":"class","overriddenDepth":0,"packageName":"milk_matters_donor_app","enclosedBy":{"name":"EducationCategory","type":"library"}},{"name":"EducationCategory","qualifiedName":"EducationCategory.EducationCategory.EducationCategory","href":"models_EducationCategory/EducationCategory/EducationCategory.html","type":"constructor","overriddenDepth":0,"packageName":"milk_matters_donor_app","enclosedBy":{"name":"EducationCategory","type":"class"}},{"name":"EducationCategory","qualifiedName":"EducationCategory.EducationCategory.EducationCategory","href":"Models_EducationCategory/EducationCategory/EducationCategory.html","type":"constructor","overriddenDepth":0,"packageName":"milk_matters_donor_app","enclosedBy":{"name":"EducationCategory","type":"class"}},{"name":"bgImageUrl","qualifiedName":"EducationCategory.EducationCategory.bgImageUrl","href":"models_EducationCategory/EducationCategory/bgImageUrl.html","type":"property","overriddenDepth":0,"packageName":"milk_matters_donor_app","enclosedBy":{"name":"EducationCategory","type":"class"}},{"name":"bgImageUrl","qualifiedName":"EducationCategory.EducationCategory.bgImageUrl","href":"Models_EducationCategory/EducationCategory/bgImageUrl.html","type":"property","overriddenDepth":0,"packageName":"milk_matters_donor_app","enclosedBy":{"name":"EducationCategory","type":"class"}},{"name":"name","qualifiedName":"EducationCategory.EducationCategory.name","href":"models_EducationCategory/EducationCategory/name.html","type":"property","overriddenDepth":0,"packageName":"milk_matters_donor_app","enclosedBy":{"name":"EducationCategory","type":"class"}},{"name":"name","qualifiedName":"EducationCategory.EducationCategory.name","href":"Models_EducationCategory/EducationCategory/name.html","type":"property","overriddenDepth":0,"packageName":"milk_matters_donor_app","enclosedBy":{"name":"EducationCategory","type":"class"}},{"name":"FaqCard","qualifiedName":"FaqCard","href":"customWidgets_cards_FaqCard/customWidgets_cards_FaqCard-library.html","type":"library","overriddenDepth":0,"packageName":"milk_matters_donor_app"},{"name":"FaqCard","qualifiedName":"FaqCard.FaqCard","href":"customWidgets_cards_FaqCard/FaqCard-class.html","type":"class","overriddenDepth":0,"packageName":"milk_matters_donor_app","enclosedBy":{"name":"FaqCard","type":"library"}},{"name":"FaqCard","qualifiedName":"FaqCard.FaqCard.FaqCard","href":"customWidgets_cards_FaqCard/FaqCard/FaqCard.html","type":"constructor","overriddenDepth":0,"packageName":"milk_matters_donor_app","enclosedBy":{"name":"FaqCard","type":"class"}},{"name":"answer","qualifiedName":"FaqCard.FaqCard.answer","href":"customWidgets_cards_FaqCard/FaqCard/answer.html","type":"property","overriddenDepth":0,"packageName":"milk_matters_donor_app","enclosedBy":{"name":"FaqCard","type":"class"}},{"name":"createState","qualifiedName":"FaqCard.FaqCard.createState","href":"customWidgets_cards_FaqCard/FaqCard/createState.html","type":"method","overriddenDepth":1,"packageName":"milk_matters_donor_app","enclosedBy":{"name":"FaqCard","type":"class"}},{"name":"question","qualifiedName":"FaqCard.FaqCard.question","href":"customWidgets_cards_FaqCard/FaqCard/question.html","type":"property","overriddenDepth":0,"packageName":"milk_matters_donor_app","enclosedBy":{"name":"FaqCard","type":"class"}},{"name":"FeedsGraph","qualifiedName":"FeedsGraph","href":"screens_donationTracking_FeedsGraph/screens_donationTracking_FeedsGraph-library.html","type":"library","overriddenDepth":0,"packageName":"milk_matters_donor_app"},{"name":"FeedsGraph","qualifiedName":"FeedsGraph.FeedsGraph","href":"screens_donationTracking_FeedsGraph/FeedsGraph-class.html","type":"class","overriddenDepth":0,"packageName":"milk_matters_donor_app","enclosedBy":{"name":"FeedsGraph","type":"library"}},{"name":"FeedsGraph","qualifiedName":"FeedsGraph.FeedsGraph.FeedsGraph","href":"screens_donationTracking_FeedsGraph/FeedsGraph/FeedsGraph.html","type":"constructor","overriddenDepth":0,"packageName":"milk_matters_donor_app","enclosedBy":{"name":"FeedsGraph","type":"class"}},{"name":"createState","qualifiedName":"FeedsGraph.FeedsGraph.createState","href":"screens_donationTracking_FeedsGraph/FeedsGraph/createState.html","type":"method","overriddenDepth":1,"packageName":"milk_matters_donor_app","enclosedBy":{"name":"FeedsGraph","type":"class"}},{"name":"FirebaseAuthenticationService","qualifiedName":"FirebaseAuthenticationService","href":"services_FirebaseAuthenticationService/services_FirebaseAuthenticationService-library.html","type":"library","overriddenDepth":0,"packageName":"milk_matters_donor_app"},{"name":"FirebaseAuthenticationService","qualifiedName":"FirebaseAuthenticationService.FirebaseAuthenticationService","href":"services_FirebaseAuthenticationService/FirebaseAuthenticationService-class.html","type":"class","overriddenDepth":0,"packageName":"milk_matters_donor_app","enclosedBy":{"name":"FirebaseAuthenticationService","type":"library"}},{"name":"FirebaseAuthenticationService","qualifiedName":"FirebaseAuthenticationService.FirebaseAuthenticationService.FirebaseAuthenticationService","href":"services_FirebaseAuthenticationService/FirebaseAuthenticationService/FirebaseAuthenticationService.html","type":"constructor","overriddenDepth":0,"packageName":"milk_matters_donor_app","enclosedBy":{"name":"FirebaseAuthenticationService","type":"class"}},{"name":"getCurrentUser","qualifiedName":"FirebaseAuthenticationService.FirebaseAuthenticationService.getCurrentUser","href":"services_FirebaseAuthenticationService/FirebaseAuthenticationService/getCurrentUser.html","type":"method","overriddenDepth":0,"packageName":"milk_matters_donor_app","enclosedBy":{"name":"FirebaseAuthenticationService","type":"class"}},{"name":"registerEmailPassword","qualifiedName":"FirebaseAuthenticationService.FirebaseAuthenticationService.registerEmailPassword","href":"services_FirebaseAuthenticationService/FirebaseAuthenticationService/registerEmailPassword.html","type":"method","overriddenDepth":0,"packageName":"milk_matters_donor_app","enclosedBy":{"name":"FirebaseAuthenticationService","type":"class"}},{"name":"sendForgotPasswordEmail","qualifiedName":"FirebaseAuthenticationService.FirebaseAuthenticationService.sendForgotPasswordEmail","href":"services_FirebaseAuthenticationService/FirebaseAuthenticationService/sendForgotPasswordEmail.html","type":"method","overriddenDepth":0,"packageName":"milk_matters_donor_app","enclosedBy":{"name":"FirebaseAuthenticationService","type":"class"}},{"name":"signInEmailPassword","qualifiedName":"FirebaseAuthenticationService.FirebaseAuthenticationService.signInEmailPassword","href":"services_FirebaseAuthenticationService/FirebaseAuthenticationService/signInEmailPassword.html","type":"method","overriddenDepth":0,"packageName":"milk_matters_donor_app","enclosedBy":{"name":"FirebaseAuthenticationService","type":"class"}},{"name":"signOut","qualifiedName":"FirebaseAuthenticationService.FirebaseAuthenticationService.signOut","href":"services_FirebaseAuthenticationService/FirebaseAuthenticationService/signOut.html","type":"method","overriddenDepth":0,"packageName":"milk_matters_donor_app","enclosedBy":{"name":"FirebaseAuthenticationService","type":"class"}},{"name":"user","qualifiedName":"FirebaseAuthenticationService.FirebaseAuthenticationService.user","href":"services_FirebaseAuthenticationService/FirebaseAuthenticationService/user.html","type":"property","overriddenDepth":0,"packageName":"milk_matters_donor_app","enclosedBy":{"name":"FirebaseAuthenticationService","type":"class"}},{"name":"FirebaseDatabaseService","qualifiedName":"FirebaseDatabaseService","href":"services_FirebaseDatabaseService/services_FirebaseDatabaseService-library.html","type":"library","overriddenDepth":0,"packageName":"milk_matters_donor_app"},{"name":"FirebaseDatabaseService","qualifiedName":"FirebaseDatabaseService.FirebaseDatabaseService","href":"services_FirebaseDatabaseService/FirebaseDatabaseService-class.html","type":"class","overriddenDepth":0,"packageName":"milk_matters_donor_app","enclosedBy":{"name":"FirebaseDatabaseService","type":"library"}},{"name":"FirebaseDatabaseService","qualifiedName":"FirebaseDatabaseService.FirebaseDatabaseService.FirebaseDatabaseService","href":"services_FirebaseDatabaseService/FirebaseDatabaseService/FirebaseDatabaseService.html","type":"constructor","overriddenDepth":0,"packageName":"milk_matters_donor_app","enclosedBy":{"name":"FirebaseDatabaseService","type":"class"}},{"name":"addValidatedDonorNumber","qualifiedName":"FirebaseDatabaseService.FirebaseDatabaseService.addValidatedDonorNumber","href":"services_FirebaseDatabaseService/FirebaseDatabaseService/addValidatedDonorNumber.html","type":"method","overriddenDepth":0,"packageName":"milk_matters_donor_app","enclosedBy":{"name":"FirebaseDatabaseService","type":"class"}},{"name":"database","qualifiedName":"FirebaseDatabaseService.FirebaseDatabaseService.database","href":"services_FirebaseDatabaseService/FirebaseDatabaseService/database.html","type":"property","overriddenDepth":0,"packageName":"milk_matters_donor_app","enclosedBy":{"name":"FirebaseDatabaseService","type":"class"}},{"name":"getAllArticles","qualifiedName":"FirebaseDatabaseService.FirebaseDatabaseService.getAllArticles","href":"services_FirebaseDatabaseService/FirebaseDatabaseService/getAllArticles.html","type":"method","overriddenDepth":0,"packageName":"milk_matters_donor_app","enclosedBy":{"name":"FirebaseDatabaseService","type":"class"}},{"name":"getArticles","qualifiedName":"FirebaseDatabaseService.FirebaseDatabaseService.getArticles","href":"services_FirebaseDatabaseService/FirebaseDatabaseService/getArticles.html","type":"method","overriddenDepth":0,"packageName":"milk_matters_donor_app","enclosedBy":{"name":"FirebaseDatabaseService","type":"class"}},{"name":"getDepots","qualifiedName":"FirebaseDatabaseService.FirebaseDatabaseService.getDepots","href":"services_FirebaseDatabaseService/FirebaseDatabaseService/getDepots.html","type":"method","overriddenDepth":0,"packageName":"milk_matters_donor_app","enclosedBy":{"name":"FirebaseDatabaseService","type":"class"}},{"name":"getDonorUser","qualifiedName":"FirebaseDatabaseService.FirebaseDatabaseService.getDonorUser","href":"services_FirebaseDatabaseService/FirebaseDatabaseService/getDonorUser.html","type":"method","overriddenDepth":0,"packageName":"milk_matters_donor_app","enclosedBy":{"name":"FirebaseDatabaseService","type":"class"}},{"name":"getNewsAndEvents","qualifiedName":"FirebaseDatabaseService.FirebaseDatabaseService.getNewsAndEvents","href":"services_FirebaseDatabaseService/FirebaseDatabaseService/getNewsAndEvents.html","type":"method","overriddenDepth":0,"packageName":"milk_matters_donor_app","enclosedBy":{"name":"FirebaseDatabaseService","type":"class"}},{"name":"pushDonationDropoff","qualifiedName":"FirebaseDatabaseService.FirebaseDatabaseService.pushDonationDropoff","href":"services_FirebaseDatabaseService/FirebaseDatabaseService/pushDonationDropoff.html","type":"method","overriddenDepth":0,"packageName":"milk_matters_donor_app","enclosedBy":{"name":"FirebaseDatabaseService","type":"class"}},{"name":"pushNewDonorUser","qualifiedName":"FirebaseDatabaseService.FirebaseDatabaseService.pushNewDonorUser","href":"services_FirebaseDatabaseService/FirebaseDatabaseService/pushNewDonorUser.html","type":"method","overriddenDepth":0,"packageName":"milk_matters_donor_app","enclosedBy":{"name":"FirebaseDatabaseService","type":"class"}},{"name":"pushSuggestedArticle","qualifiedName":"FirebaseDatabaseService.FirebaseDatabaseService.pushSuggestedArticle","href":"services_FirebaseDatabaseService/FirebaseDatabaseService/pushSuggestedArticle.html","type":"method","overriddenDepth":0,"packageName":"milk_matters_donor_app","enclosedBy":{"name":"FirebaseDatabaseService","type":"class"}},{"name":"setNewUserDonorStatus","qualifiedName":"FirebaseDatabaseService.FirebaseDatabaseService.setNewUserDonorStatus","href":"services_FirebaseDatabaseService/FirebaseDatabaseService/setNewUserDonorStatus.html","type":"method","overriddenDepth":0,"packageName":"milk_matters_donor_app","enclosedBy":{"name":"FirebaseDatabaseService","type":"class"}},{"name":"validateDonorNumber","qualifiedName":"FirebaseDatabaseService.FirebaseDatabaseService.validateDonorNumber","href":"services_FirebaseDatabaseService/FirebaseDatabaseService/validateDonorNumber.html","type":"method","overriddenDepth":0,"packageName":"milk_matters_donor_app","enclosedBy":{"name":"FirebaseDatabaseService","type":"class"}},{"name":"ForgotPassword","qualifiedName":"ForgotPassword","href":"screens_auth_ForgotPassword/screens_auth_ForgotPassword-library.html","type":"library","overriddenDepth":0,"packageName":"milk_matters_donor_app"},{"name":"ForgotPassword","qualifiedName":"ForgotPassword.ForgotPassword","href":"screens_auth_ForgotPassword/ForgotPassword-class.html","type":"class","overriddenDepth":0,"packageName":"milk_matters_donor_app","enclosedBy":{"name":"ForgotPassword","type":"library"}},{"name":"ForgotPassword","qualifiedName":"ForgotPassword.ForgotPassword.ForgotPassword","href":"screens_auth_ForgotPassword/ForgotPassword/ForgotPassword.html","type":"constructor","overriddenDepth":0,"packageName":"milk_matters_donor_app","enclosedBy":{"name":"ForgotPassword","type":"class"}},{"name":"build","qualifiedName":"ForgotPassword.ForgotPassword.build","href":"screens_auth_ForgotPassword/ForgotPassword/build.html","type":"method","overriddenDepth":1,"packageName":"milk_matters_donor_app","enclosedBy":{"name":"ForgotPassword","type":"class"}},{"name":"emailController","qualifiedName":"ForgotPassword.ForgotPassword.emailController","href":"screens_auth_ForgotPassword/ForgotPassword/emailController.html","type":"property","overriddenDepth":0,"packageName":"milk_matters_donor_app","enclosedBy":{"name":"ForgotPassword","type":"class"}},{"name":"FrequentlyAskedQuestions","qualifiedName":"FrequentlyAskedQuestions","href":"screens_FrequentlyAskedQuestions/screens_FrequentlyAskedQuestions-library.html","type":"library","overriddenDepth":0,"packageName":"milk_matters_donor_app"},{"name":"FrequentlyAskedQuestions","qualifiedName":"FrequentlyAskedQuestions.FrequentlyAskedQuestions","href":"screens_FrequentlyAskedQuestions/FrequentlyAskedQuestions-class.html","type":"class","overriddenDepth":0,"packageName":"milk_matters_donor_app","enclosedBy":{"name":"FrequentlyAskedQuestions","type":"library"}},{"name":"FrequentlyAskedQuestions","qualifiedName":"FrequentlyAskedQuestions.FrequentlyAskedQuestions.FrequentlyAskedQuestions","href":"screens_FrequentlyAskedQuestions/FrequentlyAskedQuestions/FrequentlyAskedQuestions.html","type":"constructor","overriddenDepth":0,"packageName":"milk_matters_donor_app","enclosedBy":{"name":"FrequentlyAskedQuestions","type":"class"}},{"name":"answer1","qualifiedName":"FrequentlyAskedQuestions.FrequentlyAskedQuestions.answer1","href":"screens_FrequentlyAskedQuestions/FrequentlyAskedQuestions/answer1.html","type":"property","overriddenDepth":0,"packageName":"milk_matters_donor_app","enclosedBy":{"name":"FrequentlyAskedQuestions","type":"class"}},{"name":"answer2","qualifiedName":"FrequentlyAskedQuestions.FrequentlyAskedQuestions.answer2","href":"screens_FrequentlyAskedQuestions/FrequentlyAskedQuestions/answer2.html","type":"property","overriddenDepth":0,"packageName":"milk_matters_donor_app","enclosedBy":{"name":"FrequentlyAskedQuestions","type":"class"}},{"name":"answer3","qualifiedName":"FrequentlyAskedQuestions.FrequentlyAskedQuestions.answer3","href":"screens_FrequentlyAskedQuestions/FrequentlyAskedQuestions/answer3.html","type":"property","overriddenDepth":0,"packageName":"milk_matters_donor_app","enclosedBy":{"name":"FrequentlyAskedQuestions","type":"class"}},{"name":"answer4","qualifiedName":"FrequentlyAskedQuestions.FrequentlyAskedQuestions.answer4","href":"screens_FrequentlyAskedQuestions/FrequentlyAskedQuestions/answer4.html","type":"property","overriddenDepth":0,"packageName":"milk_matters_donor_app","enclosedBy":{"name":"FrequentlyAskedQuestions","type":"class"}},{"name":"answer5","qualifiedName":"FrequentlyAskedQuestions.FrequentlyAskedQuestions.answer5","href":"screens_FrequentlyAskedQuestions/FrequentlyAskedQuestions/answer5.html","type":"property","overriddenDepth":0,"packageName":"milk_matters_donor_app","enclosedBy":{"name":"FrequentlyAskedQuestions","type":"class"}},{"name":"answer6","qualifiedName":"FrequentlyAskedQuestions.FrequentlyAskedQuestions.answer6","href":"screens_FrequentlyAskedQuestions/FrequentlyAskedQuestions/answer6.html","type":"property","overriddenDepth":0,"packageName":"milk_matters_donor_app","enclosedBy":{"name":"FrequentlyAskedQuestions","type":"class"}},{"name":"answer7","qualifiedName":"FrequentlyAskedQuestions.FrequentlyAskedQuestions.answer7","href":"screens_FrequentlyAskedQuestions/FrequentlyAskedQuestions/answer7.html","type":"property","overriddenDepth":0,"packageName":"milk_matters_donor_app","enclosedBy":{"name":"FrequentlyAskedQuestions","type":"class"}},{"name":"answer8","qualifiedName":"FrequentlyAskedQuestions.FrequentlyAskedQuestions.answer8","href":"screens_FrequentlyAskedQuestions/FrequentlyAskedQuestions/answer8.html","type":"property","overriddenDepth":0,"packageName":"milk_matters_donor_app","enclosedBy":{"name":"FrequentlyAskedQuestions","type":"class"}},{"name":"answer9","qualifiedName":"FrequentlyAskedQuestions.FrequentlyAskedQuestions.answer9","href":"screens_FrequentlyAskedQuestions/FrequentlyAskedQuestions/answer9.html","type":"property","overriddenDepth":0,"packageName":"milk_matters_donor_app","enclosedBy":{"name":"FrequentlyAskedQuestions","type":"class"}},{"name":"build","qualifiedName":"FrequentlyAskedQuestions.FrequentlyAskedQuestions.build","href":"screens_FrequentlyAskedQuestions/FrequentlyAskedQuestions/build.html","type":"method","overriddenDepth":1,"packageName":"milk_matters_donor_app","enclosedBy":{"name":"FrequentlyAskedQuestions","type":"class"}},{"name":"question1","qualifiedName":"FrequentlyAskedQuestions.FrequentlyAskedQuestions.question1","href":"screens_FrequentlyAskedQuestions/FrequentlyAskedQuestions/question1.html","type":"property","overriddenDepth":0,"packageName":"milk_matters_donor_app","enclosedBy":{"name":"FrequentlyAskedQuestions","type":"class"}},{"name":"question2","qualifiedName":"FrequentlyAskedQuestions.FrequentlyAskedQuestions.question2","href":"screens_FrequentlyAskedQuestions/FrequentlyAskedQuestions/question2.html","type":"property","overriddenDepth":0,"packageName":"milk_matters_donor_app","enclosedBy":{"name":"FrequentlyAskedQuestions","type":"class"}},{"name":"question3","qualifiedName":"FrequentlyAskedQuestions.FrequentlyAskedQuestions.question3","href":"screens_FrequentlyAskedQuestions/FrequentlyAskedQuestions/question3.html","type":"property","overriddenDepth":0,"packageName":"milk_matters_donor_app","enclosedBy":{"name":"FrequentlyAskedQuestions","type":"class"}},{"name":"question4","qualifiedName":"FrequentlyAskedQuestions.FrequentlyAskedQuestions.question4","href":"screens_FrequentlyAskedQuestions/FrequentlyAskedQuestions/question4.html","type":"property","overriddenDepth":0,"packageName":"milk_matters_donor_app","enclosedBy":{"name":"FrequentlyAskedQuestions","type":"class"}},{"name":"question5","qualifiedName":"FrequentlyAskedQuestions.FrequentlyAskedQuestions.question5","href":"screens_FrequentlyAskedQuestions/FrequentlyAskedQuestions/question5.html","type":"property","overriddenDepth":0,"packageName":"milk_matters_donor_app","enclosedBy":{"name":"FrequentlyAskedQuestions","type":"class"}},{"name":"question6","qualifiedName":"FrequentlyAskedQuestions.FrequentlyAskedQuestions.question6","href":"screens_FrequentlyAskedQuestions/FrequentlyAskedQuestions/question6.html","type":"property","overriddenDepth":0,"packageName":"milk_matters_donor_app","enclosedBy":{"name":"FrequentlyAskedQuestions","type":"class"}},{"name":"question7","qualifiedName":"FrequentlyAskedQuestions.FrequentlyAskedQuestions.question7","href":"screens_FrequentlyAskedQuestions/FrequentlyAskedQuestions/question7.html","type":"property","overriddenDepth":0,"packageName":"milk_matters_donor_app","enclosedBy":{"name":"FrequentlyAskedQuestions","type":"class"}},{"name":"question8","qualifiedName":"FrequentlyAskedQuestions.FrequentlyAskedQuestions.question8","href":"screens_FrequentlyAskedQuestions/FrequentlyAskedQuestions/question8.html","type":"property","overriddenDepth":0,"packageName":"milk_matters_donor_app","enclosedBy":{"name":"FrequentlyAskedQuestions","type":"class"}},{"name":"question9","qualifiedName":"FrequentlyAskedQuestions.FrequentlyAskedQuestions.question9","href":"screens_FrequentlyAskedQuestions/FrequentlyAskedQuestions/question9.html","type":"property","overriddenDepth":0,"packageName":"milk_matters_donor_app","enclosedBy":{"name":"FrequentlyAskedQuestions","type":"class"}},{"name":"GraphAmountDataPoint","qualifiedName":"GraphAmountDataPoint","href":"models_GraphAmountDataPoint/models_GraphAmountDataPoint-library.html","type":"library","overriddenDepth":0,"packageName":"milk_matters_donor_app"},{"name":"GraphAmountDataPoint","qualifiedName":"GraphAmountDataPoint.GraphAmountDataPoint","href":"models_GraphAmountDataPoint/GraphAmountDataPoint-class.html","type":"class","overriddenDepth":0,"packageName":"milk_matters_donor_app","enclosedBy":{"name":"GraphAmountDataPoint","type":"library"}},{"name":"GraphAmountDataPoint","qualifiedName":"GraphAmountDataPoint.GraphAmountDataPoint.GraphAmountDataPoint","href":"models_GraphAmountDataPoint/GraphAmountDataPoint/GraphAmountDataPoint.html","type":"constructor","overriddenDepth":0,"packageName":"milk_matters_donor_app","enclosedBy":{"name":"GraphAmountDataPoint","type":"class"}},{"name":"amount","qualifiedName":"GraphAmountDataPoint.GraphAmountDataPoint.amount","href":"models_GraphAmountDataPoint/GraphAmountDataPoint/amount.html","type":"property","overriddenDepth":0,"packageName":"milk_matters_donor_app","enclosedBy":{"name":"GraphAmountDataPoint","type":"class"}},{"name":"date","qualifiedName":"GraphAmountDataPoint.GraphAmountDataPoint.date","href":"models_GraphAmountDataPoint/GraphAmountDataPoint/date.html","type":"property","overriddenDepth":0,"packageName":"milk_matters_donor_app","enclosedBy":{"name":"GraphAmountDataPoint","type":"class"}},{"name":"GraphFeedsDataPoint","qualifiedName":"GraphFeedsDataPoint","href":"models_GraphFeedsDataPoint/models_GraphFeedsDataPoint-library.html","type":"library","overriddenDepth":0,"packageName":"milk_matters_donor_app"},{"name":"GraphFeedsDataPoint","qualifiedName":"GraphFeedsDataPoint.GraphFeedsDataPoint","href":"models_GraphFeedsDataPoint/GraphFeedsDataPoint-class.html","type":"class","overriddenDepth":0,"packageName":"milk_matters_donor_app","enclosedBy":{"name":"GraphFeedsDataPoint","type":"library"}},{"name":"GraphFeedsDataPoint","qualifiedName":"GraphFeedsDataPoint.GraphFeedsDataPoint.GraphFeedsDataPoint","href":"models_GraphFeedsDataPoint/GraphFeedsDataPoint/GraphFeedsDataPoint.html","type":"constructor","overriddenDepth":0,"packageName":"milk_matters_donor_app","enclosedBy":{"name":"GraphFeedsDataPoint","type":"class"}},{"name":"amount","qualifiedName":"GraphFeedsDataPoint.GraphFeedsDataPoint.amount","href":"models_GraphFeedsDataPoint/GraphFeedsDataPoint/amount.html","type":"property","overriddenDepth":0,"packageName":"milk_matters_donor_app","enclosedBy":{"name":"GraphFeedsDataPoint","type":"class"}},{"name":"date","qualifiedName":"GraphFeedsDataPoint.GraphFeedsDataPoint.date","href":"models_GraphFeedsDataPoint/GraphFeedsDataPoint/date.html","type":"property","overriddenDepth":0,"packageName":"milk_matters_donor_app","enclosedBy":{"name":"GraphFeedsDataPoint","type":"class"}},{"name":"Home","qualifiedName":"Home","href":"Screens_Home/Screens_Home-library.html","type":"library","overriddenDepth":0,"packageName":"milk_matters_donor_app"},{"name":"Home","qualifiedName":"Home","href":"screens_Home/screens_Home-library.html","type":"library","overriddenDepth":0,"packageName":"milk_matters_donor_app"},{"name":"Home","qualifiedName":"Home.Home","href":"Screens_Home/Home-class.html","type":"class","overriddenDepth":0,"packageName":"milk_matters_donor_app","enclosedBy":{"name":"Home","type":"library"}},{"name":"Home","qualifiedName":"Home.Home","href":"screens_Home/Home-class.html","type":"class","overriddenDepth":0,"packageName":"milk_matters_donor_app","enclosedBy":{"name":"Home","type":"library"}},{"name":"Home","qualifiedName":"Home.Home.Home","href":"Screens_Home/Home/Home.html","type":"constructor","overriddenDepth":0,"packageName":"milk_matters_donor_app","enclosedBy":{"name":"Home","type":"class"}},{"name":"Home","qualifiedName":"Home.Home.Home","href":"screens_Home/Home/Home.html","type":"constructor","overriddenDepth":0,"packageName":"milk_matters_donor_app","enclosedBy":{"name":"Home","type":"class"}},{"name":"createState","qualifiedName":"Home.Home.createState","href":"Screens_Home/Home/createState.html","type":"method","overriddenDepth":1,"packageName":"milk_matters_donor_app","enclosedBy":{"name":"Home","type":"class"}},{"name":"createState","qualifiedName":"Home.Home.createState","href":"screens_Home/Home/createState.html","type":"method","overriddenDepth":1,"packageName":"milk_matters_donor_app","enclosedBy":{"name":"Home","type":"class"}},{"name":"LocalDatabaseService","qualifiedName":"LocalDatabaseService","href":"services_LocalDatabaseService/services_LocalDatabaseService-library.html","type":"library","overriddenDepth":0,"packageName":"milk_matters_donor_app"},{"name":"LocalDatabaseService","qualifiedName":"LocalDatabaseService.LocalDatabaseService","href":"services_LocalDatabaseService/LocalDatabaseService-class.html","type":"class","overriddenDepth":0,"packageName":"milk_matters_donor_app","enclosedBy":{"name":"LocalDatabaseService","type":"library"}},{"name":"LocalDatabaseService","qualifiedName":"LocalDatabaseService.LocalDatabaseService.LocalDatabaseService","href":"services_LocalDatabaseService/LocalDatabaseService/LocalDatabaseService.html","type":"constructor","overriddenDepth":0,"packageName":"milk_matters_donor_app","enclosedBy":{"name":"LocalDatabaseService","type":"class"}},{"name":"close","qualifiedName":"LocalDatabaseService.LocalDatabaseService.close","href":"services_LocalDatabaseService/LocalDatabaseService/close.html","type":"method","overriddenDepth":0,"packageName":"milk_matters_donor_app","enclosedBy":{"name":"LocalDatabaseService","type":"class"}},{"name":"columnAmount","qualifiedName":"LocalDatabaseService.LocalDatabaseService.columnAmount","href":"services_LocalDatabaseService/LocalDatabaseService/columnAmount.html","type":"property","overriddenDepth":0,"packageName":"milk_matters_donor_app","enclosedBy":{"name":"LocalDatabaseService","type":"class"}},{"name":"columnDateString","qualifiedName":"LocalDatabaseService.LocalDatabaseService.columnDateString","href":"services_LocalDatabaseService/LocalDatabaseService/columnDateString.html","type":"property","overriddenDepth":0,"packageName":"milk_matters_donor_app","enclosedBy":{"name":"LocalDatabaseService","type":"class"}},{"name":"columnDonationProcessed","qualifiedName":"LocalDatabaseService.LocalDatabaseService.columnDonationProcessed","href":"services_LocalDatabaseService/LocalDatabaseService/columnDonationProcessed.html","type":"property","overriddenDepth":0,"packageName":"milk_matters_donor_app","enclosedBy":{"name":"LocalDatabaseService","type":"class"}},{"name":"columnId","qualifiedName":"LocalDatabaseService.LocalDatabaseService.columnId","href":"services_LocalDatabaseService/LocalDatabaseService/columnId.html","type":"property","overriddenDepth":0,"packageName":"milk_matters_donor_app","enclosedBy":{"name":"LocalDatabaseService","type":"class"}},{"name":"db","qualifiedName":"LocalDatabaseService.LocalDatabaseService.db","href":"services_LocalDatabaseService/LocalDatabaseService/db.html","type":"property","overriddenDepth":0,"packageName":"milk_matters_donor_app","enclosedBy":{"name":"LocalDatabaseService","type":"class"}},{"name":"delete","qualifiedName":"LocalDatabaseService.LocalDatabaseService.delete","href":"services_LocalDatabaseService/LocalDatabaseService/delete.html","type":"method","overriddenDepth":0,"packageName":"milk_matters_donor_app","enclosedBy":{"name":"LocalDatabaseService","type":"class"}},{"name":"deleteDatabase","qualifiedName":"LocalDatabaseService.LocalDatabaseService.deleteDatabase","href":"services_LocalDatabaseService/LocalDatabaseService/deleteDatabase.html","type":"method","overriddenDepth":0,"packageName":"milk_matters_donor_app","enclosedBy":{"name":"LocalDatabaseService","type":"class"}},{"name":"getAllNotDroppedOffTrackedDonationsRecentFirst","qualifiedName":"LocalDatabaseService.LocalDatabaseService.getAllNotDroppedOffTrackedDonationsRecentFirst","href":"services_LocalDatabaseService/LocalDatabaseService/getAllNotDroppedOffTrackedDonationsRecentFirst.html","type":"method","overriddenDepth":0,"packageName":"milk_matters_donor_app","enclosedBy":{"name":"LocalDatabaseService","type":"class"}},{"name":"getAllTrackedDonationsForAmountGraph","qualifiedName":"LocalDatabaseService.LocalDatabaseService.getAllTrackedDonationsForAmountGraph","href":"services_LocalDatabaseService/LocalDatabaseService/getAllTrackedDonationsForAmountGraph.html","type":"method","overriddenDepth":0,"packageName":"milk_matters_donor_app","enclosedBy":{"name":"LocalDatabaseService","type":"class"}},{"name":"getAllTrackedDonationsForFeedGraph","qualifiedName":"LocalDatabaseService.LocalDatabaseService.getAllTrackedDonationsForFeedGraph","href":"services_LocalDatabaseService/LocalDatabaseService/getAllTrackedDonationsForFeedGraph.html","type":"method","overriddenDepth":0,"packageName":"milk_matters_donor_app","enclosedBy":{"name":"LocalDatabaseService","type":"class"}},{"name":"getAllTrackedDonationsRecentFirst","qualifiedName":"LocalDatabaseService.LocalDatabaseService.getAllTrackedDonationsRecentFirst","href":"services_LocalDatabaseService/LocalDatabaseService/getAllTrackedDonationsRecentFirst.html","type":"method","overriddenDepth":0,"packageName":"milk_matters_donor_app","enclosedBy":{"name":"LocalDatabaseService","type":"class"}},{"name":"getTotalDonatedAmount","qualifiedName":"LocalDatabaseService.LocalDatabaseService.getTotalDonatedAmount","href":"services_LocalDatabaseService/LocalDatabaseService/getTotalDonatedAmount.html","type":"method","overriddenDepth":0,"packageName":"milk_matters_donor_app","enclosedBy":{"name":"LocalDatabaseService","type":"class"}},{"name":"getTrackedDonation","qualifiedName":"LocalDatabaseService.LocalDatabaseService.getTrackedDonation","href":"services_LocalDatabaseService/LocalDatabaseService/getTrackedDonation.html","type":"method","overriddenDepth":0,"packageName":"milk_matters_donor_app","enclosedBy":{"name":"LocalDatabaseService","type":"class"}},{"name":"insert","qualifiedName":"LocalDatabaseService.LocalDatabaseService.insert","href":"services_LocalDatabaseService/LocalDatabaseService/insert.html","type":"method","overriddenDepth":0,"packageName":"milk_matters_donor_app","enclosedBy":{"name":"LocalDatabaseService","type":"class"}},{"name":"openMMDatabase","qualifiedName":"LocalDatabaseService.LocalDatabaseService.openMMDatabase","href":"services_LocalDatabaseService/LocalDatabaseService/openMMDatabase.html","type":"method","overriddenDepth":0,"packageName":"milk_matters_donor_app","enclosedBy":{"name":"LocalDatabaseService","type":"class"}},{"name":"tableTrackedDonations","qualifiedName":"LocalDatabaseService.LocalDatabaseService.tableTrackedDonations","href":"services_LocalDatabaseService/LocalDatabaseService/tableTrackedDonations.html","type":"property","overriddenDepth":0,"packageName":"milk_matters_donor_app","enclosedBy":{"name":"LocalDatabaseService","type":"class"}},{"name":"update","qualifiedName":"LocalDatabaseService.LocalDatabaseService.update","href":"services_LocalDatabaseService/LocalDatabaseService/update.html","type":"method","overriddenDepth":0,"packageName":"milk_matters_donor_app","enclosedBy":{"name":"LocalDatabaseService","type":"class"}},{"name":"LocationHelper","qualifiedName":"LocationHelper","href":"helpers_LocationHelper/helpers_LocationHelper-library.html","type":"library","overriddenDepth":0,"packageName":"milk_matters_donor_app"},{"name":"LocationHelper","qualifiedName":"LocationHelper.LocationHelper","href":"helpers_LocationHelper/LocationHelper-class.html","type":"class","overriddenDepth":0,"packageName":"milk_matters_donor_app","enclosedBy":{"name":"LocationHelper","type":"library"}},{"name":"LocationHelper","qualifiedName":"LocationHelper.LocationHelper.LocationHelper","href":"helpers_LocationHelper/LocationHelper/LocationHelper.html","type":"constructor","overriddenDepth":0,"packageName":"milk_matters_donor_app","enclosedBy":{"name":"LocationHelper","type":"class"}},{"name":"addLatLongToDepot","qualifiedName":"LocationHelper.LocationHelper.addLatLongToDepot","href":"helpers_LocationHelper/LocationHelper/addLatLongToDepot.html","type":"method","overriddenDepth":0,"packageName":"milk_matters_donor_app","enclosedBy":{"name":"LocationHelper","type":"class"}},{"name":"location","qualifiedName":"LocationHelper.LocationHelper.location","href":"helpers_LocationHelper/LocationHelper/location.html","type":"property","overriddenDepth":0,"packageName":"milk_matters_donor_app","enclosedBy":{"name":"LocationHelper","type":"class"}},{"name":"requestLocationPermissions","qualifiedName":"LocationHelper.LocationHelper.requestLocationPermissions","href":"helpers_LocationHelper/LocationHelper/requestLocationPermissions.html","type":"method","overriddenDepth":0,"packageName":"milk_matters_donor_app","enclosedBy":{"name":"LocationHelper","type":"class"}},{"name":"Login","qualifiedName":"Login","href":"screens_auth_Login/screens_auth_Login-library.html","type":"library","overriddenDepth":0,"packageName":"milk_matters_donor_app"},{"name":"Login","qualifiedName":"Login.Login","href":"screens_auth_Login/Login-class.html","type":"class","overriddenDepth":0,"packageName":"milk_matters_donor_app","enclosedBy":{"name":"Login","type":"library"}},{"name":"Login","qualifiedName":"Login.Login.Login","href":"screens_auth_Login/Login/Login.html","type":"constructor","overriddenDepth":0,"packageName":"milk_matters_donor_app","enclosedBy":{"name":"Login","type":"class"}},{"name":"createState","qualifiedName":"Login.Login.createState","href":"screens_auth_Login/Login/createState.html","type":"method","overriddenDepth":1,"packageName":"milk_matters_donor_app","enclosedBy":{"name":"Login","type":"class"}},{"name":"MapPinPillComponent","qualifiedName":"MapPinPillComponent","href":"customWidgets_MapPinPillComponent/customWidgets_MapPinPillComponent-library.html","type":"library","overriddenDepth":0,"packageName":"milk_matters_donor_app"},{"name":"MapPinPillComponent","qualifiedName":"MapPinPillComponent.MapPinPillComponent","href":"customWidgets_MapPinPillComponent/MapPinPillComponent-class.html","type":"class","overriddenDepth":0,"packageName":"milk_matters_donor_app","enclosedBy":{"name":"MapPinPillComponent","type":"library"}},{"name":"MapPinPillComponent","qualifiedName":"MapPinPillComponent.MapPinPillComponent.MapPinPillComponent","href":"customWidgets_MapPinPillComponent/MapPinPillComponent/MapPinPillComponent.html","type":"constructor","overriddenDepth":0,"packageName":"milk_matters_donor_app","enclosedBy":{"name":"MapPinPillComponent","type":"class"}},{"name":"createState","qualifiedName":"MapPinPillComponent.MapPinPillComponent.createState","href":"customWidgets_MapPinPillComponent/MapPinPillComponent/createState.html","type":"method","overriddenDepth":1,"packageName":"milk_matters_donor_app","enclosedBy":{"name":"MapPinPillComponent","type":"class"}},{"name":"currentlySelectedDepot","qualifiedName":"MapPinPillComponent.MapPinPillComponent.currentlySelectedDepot","href":"customWidgets_MapPinPillComponent/MapPinPillComponent/currentlySelectedDepot.html","type":"property","overriddenDepth":0,"packageName":"milk_matters_donor_app","enclosedBy":{"name":"MapPinPillComponent","type":"class"}},{"name":"pinPillPosition","qualifiedName":"MapPinPillComponent.MapPinPillComponent.pinPillPosition","href":"customWidgets_MapPinPillComponent/MapPinPillComponent/pinPillPosition.html","type":"property","overriddenDepth":0,"packageName":"milk_matters_donor_app","enclosedBy":{"name":"MapPinPillComponent","type":"class"}},{"name":"MapPinPillComponentState","qualifiedName":"MapPinPillComponent.MapPinPillComponentState","href":"customWidgets_MapPinPillComponent/MapPinPillComponentState-class.html","type":"class","overriddenDepth":0,"packageName":"milk_matters_donor_app","enclosedBy":{"name":"MapPinPillComponent","type":"library"}},{"name":"MapPinPillComponentState","qualifiedName":"MapPinPillComponent.MapPinPillComponentState.MapPinPillComponentState","href":"customWidgets_MapPinPillComponent/MapPinPillComponentState/MapPinPillComponentState.html","type":"constructor","overriddenDepth":0,"packageName":"milk_matters_donor_app","enclosedBy":{"name":"MapPinPillComponentState","type":"class"}},{"name":"build","qualifiedName":"MapPinPillComponent.MapPinPillComponentState.build","href":"customWidgets_MapPinPillComponent/MapPinPillComponentState/build.html","type":"method","overriddenDepth":1,"packageName":"milk_matters_donor_app","enclosedBy":{"name":"MapPinPillComponentState","type":"class"}},{"name":"NavDrawer","qualifiedName":"NavDrawer","href":"customWidgets_NavDrawer/customWidgets_NavDrawer-library.html","type":"library","overriddenDepth":0,"packageName":"milk_matters_donor_app"},{"name":"NavDrawer","qualifiedName":"NavDrawer.NavDrawer","href":"customWidgets_NavDrawer/NavDrawer-class.html","type":"class","overriddenDepth":0,"packageName":"milk_matters_donor_app","enclosedBy":{"name":"NavDrawer","type":"library"}},{"name":"NavDrawer","qualifiedName":"NavDrawer.NavDrawer.NavDrawer","href":"customWidgets_NavDrawer/NavDrawer/NavDrawer.html","type":"constructor","overriddenDepth":0,"packageName":"milk_matters_donor_app","enclosedBy":{"name":"NavDrawer","type":"class"}},{"name":"build","qualifiedName":"NavDrawer.NavDrawer.build","href":"customWidgets_NavDrawer/NavDrawer/build.html","type":"method","overriddenDepth":1,"packageName":"milk_matters_donor_app","enclosedBy":{"name":"NavDrawer","type":"class"}},{"name":"processNavigation","qualifiedName":"NavDrawer.NavDrawer.processNavigation","href":"customWidgets_NavDrawer/NavDrawer/processNavigation.html","type":"method","overriddenDepth":0,"packageName":"milk_matters_donor_app","enclosedBy":{"name":"NavDrawer","type":"class"}},{"name":"NewsAndEventCard","qualifiedName":"NewsAndEventCard","href":"customWidgets_cards_NewsAndEventCard/customWidgets_cards_NewsAndEventCard-library.html","type":"library","overriddenDepth":0,"packageName":"milk_matters_donor_app"},{"name":"NewsAndEventCard","qualifiedName":"NewsAndEventCard.NewsAndEventCard","href":"customWidgets_cards_NewsAndEventCard/NewsAndEventCard-class.html","type":"class","overriddenDepth":0,"packageName":"milk_matters_donor_app","enclosedBy":{"name":"NewsAndEventCard","type":"library"}},{"name":"NewsAndEventCard","qualifiedName":"NewsAndEventCard.NewsAndEventCard.NewsAndEventCard","href":"customWidgets_cards_NewsAndEventCard/NewsAndEventCard/NewsAndEventCard.html","type":"constructor","overriddenDepth":0,"packageName":"milk_matters_donor_app","enclosedBy":{"name":"NewsAndEventCard","type":"class"}},{"name":"build","qualifiedName":"NewsAndEventCard.NewsAndEventCard.build","href":"customWidgets_cards_NewsAndEventCard/NewsAndEventCard/build.html","type":"method","overriddenDepth":1,"packageName":"milk_matters_donor_app","enclosedBy":{"name":"NewsAndEventCard","type":"class"}},{"name":"newsAndEventsItem","qualifiedName":"NewsAndEventCard.NewsAndEventCard.newsAndEventsItem","href":"customWidgets_cards_NewsAndEventCard/NewsAndEventCard/newsAndEventsItem.html","type":"property","overriddenDepth":0,"packageName":"milk_matters_donor_app","enclosedBy":{"name":"NewsAndEventCard","type":"class"}},{"name":"NewsAndEvents","qualifiedName":"NewsAndEvents","href":"screens_NewsAndEvents/screens_NewsAndEvents-library.html","type":"library","overriddenDepth":0,"packageName":"milk_matters_donor_app"},{"name":"NewsAndEvents","qualifiedName":"NewsAndEvents.NewsAndEvents","href":"screens_NewsAndEvents/NewsAndEvents-class.html","type":"class","overriddenDepth":0,"packageName":"milk_matters_donor_app","enclosedBy":{"name":"NewsAndEvents","type":"library"}},{"name":"NewsAndEvents","qualifiedName":"NewsAndEvents.NewsAndEvents.NewsAndEvents","href":"screens_NewsAndEvents/NewsAndEvents/NewsAndEvents.html","type":"constructor","overriddenDepth":0,"packageName":"milk_matters_donor_app","enclosedBy":{"name":"NewsAndEvents","type":"class"}},{"name":"build","qualifiedName":"NewsAndEvents.NewsAndEvents.build","href":"screens_NewsAndEvents/NewsAndEvents/build.html","type":"method","overriddenDepth":1,"packageName":"milk_matters_donor_app","enclosedBy":{"name":"NewsAndEvents","type":"class"}},{"name":"NewsAndEventsItem","qualifiedName":"NewsAndEventsItem","href":"models_NewsAndEventsItem/models_NewsAndEventsItem-library.html","type":"library","overriddenDepth":0,"packageName":"milk_matters_donor_app"},{"name":"NewsAndEventsItem","qualifiedName":"NewsAndEventsItem.NewsAndEventsItem","href":"models_NewsAndEventsItem/NewsAndEventsItem-class.html","type":"class","overriddenDepth":0,"packageName":"milk_matters_donor_app","enclosedBy":{"name":"NewsAndEventsItem","type":"library"}},{"name":"NewsAndEventsItem","qualifiedName":"NewsAndEventsItem.NewsAndEventsItem.NewsAndEventsItem","href":"models_NewsAndEventsItem/NewsAndEventsItem/NewsAndEventsItem.html","type":"constructor","overriddenDepth":0,"packageName":"milk_matters_donor_app","enclosedBy":{"name":"NewsAndEventsItem","type":"class"}},{"name":"compareTo","qualifiedName":"NewsAndEventsItem.NewsAndEventsItem.compareTo","href":"models_NewsAndEventsItem/NewsAndEventsItem/compareTo.html","type":"method","overriddenDepth":0,"packageName":"milk_matters_donor_app","enclosedBy":{"name":"NewsAndEventsItem","type":"class"}},{"name":"dateAdded","qualifiedName":"NewsAndEventsItem.NewsAndEventsItem.dateAdded","href":"models_NewsAndEventsItem/NewsAndEventsItem/dateAdded.html","type":"property","overriddenDepth":0,"packageName":"milk_matters_donor_app","enclosedBy":{"name":"NewsAndEventsItem","type":"class"}},{"name":"description","qualifiedName":"NewsAndEventsItem.NewsAndEventsItem.description","href":"models_NewsAndEventsItem/NewsAndEventsItem/description.html","type":"property","overriddenDepth":0,"packageName":"milk_matters_donor_app","enclosedBy":{"name":"NewsAndEventsItem","type":"class"}},{"name":"NewsAndEventsItem.fromMap","qualifiedName":"NewsAndEventsItem.NewsAndEventsItem.fromMap","href":"models_NewsAndEventsItem/NewsAndEventsItem/NewsAndEventsItem.fromMap.html","type":"constructor","overriddenDepth":0,"packageName":"milk_matters_donor_app","enclosedBy":{"name":"NewsAndEventsItem","type":"class"}},{"name":"image","qualifiedName":"NewsAndEventsItem.NewsAndEventsItem.image","href":"models_NewsAndEventsItem/NewsAndEventsItem/image.html","type":"property","overriddenDepth":0,"packageName":"milk_matters_donor_app","enclosedBy":{"name":"NewsAndEventsItem","type":"class"}},{"name":"title","qualifiedName":"NewsAndEventsItem.NewsAndEventsItem.title","href":"models_NewsAndEventsItem/NewsAndEventsItem/title.html","type":"property","overriddenDepth":0,"packageName":"milk_matters_donor_app","enclosedBy":{"name":"NewsAndEventsItem","type":"class"}},{"name":"toMap","qualifiedName":"NewsAndEventsItem.NewsAndEventsItem.toMap","href":"models_NewsAndEventsItem/NewsAndEventsItem/toMap.html","type":"method","overriddenDepth":0,"packageName":"milk_matters_donor_app","enclosedBy":{"name":"NewsAndEventsItem","type":"class"}},{"name":"url","qualifiedName":"NewsAndEventsItem.NewsAndEventsItem.url","href":"models_NewsAndEventsItem/NewsAndEventsItem/url.html","type":"property","overriddenDepth":0,"packageName":"milk_matters_donor_app","enclosedBy":{"name":"NewsAndEventsItem","type":"class"}},{"name":"QuestionCard","qualifiedName":"QuestionCard","href":"customWidgets_cards_QuestionCard/customWidgets_cards_QuestionCard-library.html","type":"library","overriddenDepth":0,"packageName":"milk_matters_donor_app"},{"name":"QuestionCard","qualifiedName":"QuestionCard.QuestionCard","href":"customWidgets_cards_QuestionCard/QuestionCard-class.html","type":"class","overriddenDepth":0,"packageName":"milk_matters_donor_app","enclosedBy":{"name":"QuestionCard","type":"library"}},{"name":"QuestionCard","qualifiedName":"QuestionCard.QuestionCard.QuestionCard","href":"customWidgets_cards_QuestionCard/QuestionCard/QuestionCard.html","type":"constructor","overriddenDepth":0,"packageName":"milk_matters_donor_app","enclosedBy":{"name":"QuestionCard","type":"class"}},{"name":"createState","qualifiedName":"QuestionCard.QuestionCard.createState","href":"customWidgets_cards_QuestionCard/QuestionCard/createState.html","type":"method","overriddenDepth":1,"packageName":"milk_matters_donor_app","enclosedBy":{"name":"QuestionCard","type":"class"}},{"name":"number","qualifiedName":"QuestionCard.QuestionCard.number","href":"customWidgets_cards_QuestionCard/QuestionCard/number.html","type":"property","overriddenDepth":0,"packageName":"milk_matters_donor_app","enclosedBy":{"name":"QuestionCard","type":"class"}},{"name":"question","qualifiedName":"QuestionCard.QuestionCard.question","href":"customWidgets_cards_QuestionCard/QuestionCard/question.html","type":"property","overriddenDepth":0,"packageName":"milk_matters_donor_app","enclosedBy":{"name":"QuestionCard","type":"class"}},{"name":"RecordADonation","qualifiedName":"RecordADonation","href":"screens_donationTracking_RecordADonation/screens_donationTracking_RecordADonation-library.html","type":"library","overriddenDepth":0,"packageName":"milk_matters_donor_app"},{"name":"RecordADonation","qualifiedName":"RecordADonation.RecordADonation","href":"screens_donationTracking_RecordADonation/RecordADonation-class.html","type":"class","overriddenDepth":0,"packageName":"milk_matters_donor_app","enclosedBy":{"name":"RecordADonation","type":"library"}},{"name":"RecordADonation","qualifiedName":"RecordADonation.RecordADonation.RecordADonation","href":"screens_donationTracking_RecordADonation/RecordADonation/RecordADonation.html","type":"constructor","overriddenDepth":0,"packageName":"milk_matters_donor_app","enclosedBy":{"name":"RecordADonation","type":"class"}},{"name":"build","qualifiedName":"RecordADonation.RecordADonation.build","href":"screens_donationTracking_RecordADonation/RecordADonation/build.html","type":"method","overriddenDepth":1,"packageName":"milk_matters_donor_app","enclosedBy":{"name":"RecordADonation","type":"class"}},{"name":"donationAmountController","qualifiedName":"RecordADonation.RecordADonation.donationAmountController","href":"screens_donationTracking_RecordADonation/RecordADonation/donationAmountController.html","type":"property","overriddenDepth":0,"packageName":"milk_matters_donor_app","enclosedBy":{"name":"RecordADonation","type":"class"}},{"name":"donationDateController","qualifiedName":"RecordADonation.RecordADonation.donationDateController","href":"screens_donationTracking_RecordADonation/RecordADonation/donationDateController.html","type":"property","overriddenDepth":0,"packageName":"milk_matters_donor_app","enclosedBy":{"name":"RecordADonation","type":"class"}},{"name":"Register","qualifiedName":"Register","href":"screens_auth_Register/screens_auth_Register-library.html","type":"library","overriddenDepth":0,"packageName":"milk_matters_donor_app"},{"name":"Register","qualifiedName":"Register.Register","href":"screens_auth_Register/Register-class.html","type":"class","overriddenDepth":0,"packageName":"milk_matters_donor_app","enclosedBy":{"name":"Register","type":"library"}},{"name":"Register","qualifiedName":"Register.Register.Register","href":"screens_auth_Register/Register/Register.html","type":"constructor","overriddenDepth":0,"packageName":"milk_matters_donor_app","enclosedBy":{"name":"Register","type":"class"}},{"name":"build","qualifiedName":"Register.Register.build","href":"screens_auth_Register/Register/build.html","type":"method","overriddenDepth":1,"packageName":"milk_matters_donor_app","enclosedBy":{"name":"Register","type":"class"}},{"name":"emailController","qualifiedName":"Register.Register.emailController","href":"screens_auth_Register/Register/emailController.html","type":"property","overriddenDepth":0,"packageName":"milk_matters_donor_app","enclosedBy":{"name":"Register","type":"class"}},{"name":"nameController","qualifiedName":"Register.Register.nameController","href":"screens_auth_Register/Register/nameController.html","type":"property","overriddenDepth":0,"packageName":"milk_matters_donor_app","enclosedBy":{"name":"Register","type":"class"}},{"name":"passwordController","qualifiedName":"Register.Register.passwordController","href":"screens_auth_Register/Register/passwordController.html","type":"property","overriddenDepth":0,"packageName":"milk_matters_donor_app","enclosedBy":{"name":"Register","type":"class"}},{"name":"phoneNumberController","qualifiedName":"Register.Register.phoneNumberController","href":"screens_auth_Register/Register/phoneNumberController.html","type":"property","overriddenDepth":0,"packageName":"milk_matters_donor_app","enclosedBy":{"name":"Register","type":"class"}},{"name":"SecurityCheckDeclareDropoff","qualifiedName":"SecurityCheckDeclareDropoff","href":"screens_donationTracking_SecurityCheckDeclareDropoff/screens_donationTracking_SecurityCheckDeclareDropoff-library.html","type":"library","overriddenDepth":0,"packageName":"milk_matters_donor_app"},{"name":"SecurityCheckDeclareDropoff","qualifiedName":"SecurityCheckDeclareDropoff.SecurityCheckDeclareDropoff","href":"screens_donationTracking_SecurityCheckDeclareDropoff/SecurityCheckDeclareDropoff-class.html","type":"class","overriddenDepth":0,"packageName":"milk_matters_donor_app","enclosedBy":{"name":"SecurityCheckDeclareDropoff","type":"library"}},{"name":"SecurityCheckDeclareDropoff","qualifiedName":"SecurityCheckDeclareDropoff.SecurityCheckDeclareDropoff.SecurityCheckDeclareDropoff","href":"screens_donationTracking_SecurityCheckDeclareDropoff/SecurityCheckDeclareDropoff/SecurityCheckDeclareDropoff.html","type":"constructor","overriddenDepth":0,"packageName":"milk_matters_donor_app","enclosedBy":{"name":"SecurityCheckDeclareDropoff","type":"class"}},{"name":"createState","qualifiedName":"SecurityCheckDeclareDropoff.SecurityCheckDeclareDropoff.createState","href":"screens_donationTracking_SecurityCheckDeclareDropoff/SecurityCheckDeclareDropoff/createState.html","type":"method","overriddenDepth":1,"packageName":"milk_matters_donor_app","enclosedBy":{"name":"SecurityCheckDeclareDropoff","type":"class"}},{"name":"SecurityCheckDepots","qualifiedName":"SecurityCheckDepots","href":"screens_depotLocator_SecurityCheckDepots/screens_depotLocator_SecurityCheckDepots-library.html","type":"library","overriddenDepth":0,"packageName":"milk_matters_donor_app"},{"name":"SecurityCheckDepots","qualifiedName":"SecurityCheckDepots.SecurityCheckDepots","href":"screens_depotLocator_SecurityCheckDepots/SecurityCheckDepots-class.html","type":"class","overriddenDepth":0,"packageName":"milk_matters_donor_app","enclosedBy":{"name":"SecurityCheckDepots","type":"library"}},{"name":"SecurityCheckDepots","qualifiedName":"SecurityCheckDepots.SecurityCheckDepots.SecurityCheckDepots","href":"screens_depotLocator_SecurityCheckDepots/SecurityCheckDepots/SecurityCheckDepots.html","type":"constructor","overriddenDepth":0,"packageName":"milk_matters_donor_app","enclosedBy":{"name":"SecurityCheckDepots","type":"class"}},{"name":"createState","qualifiedName":"SecurityCheckDepots.SecurityCheckDepots.createState","href":"screens_depotLocator_SecurityCheckDepots/SecurityCheckDepots/createState.html","type":"method","overriddenDepth":1,"packageName":"milk_matters_donor_app","enclosedBy":{"name":"SecurityCheckDepots","type":"class"}},{"name":"SuggestAnArticle","qualifiedName":"SuggestAnArticle","href":"screens_education_SuggestAnArticle/screens_education_SuggestAnArticle-library.html","type":"library","overriddenDepth":0,"packageName":"milk_matters_donor_app"},{"name":"SuggestAnArticle","qualifiedName":"SuggestAnArticle.SuggestAnArticle","href":"screens_education_SuggestAnArticle/SuggestAnArticle-class.html","type":"class","overriddenDepth":0,"packageName":"milk_matters_donor_app","enclosedBy":{"name":"SuggestAnArticle","type":"library"}},{"name":"SuggestAnArticle","qualifiedName":"SuggestAnArticle.SuggestAnArticle.SuggestAnArticle","href":"screens_education_SuggestAnArticle/SuggestAnArticle/SuggestAnArticle.html","type":"constructor","overriddenDepth":0,"packageName":"milk_matters_donor_app","enclosedBy":{"name":"SuggestAnArticle","type":"class"}},{"name":"createState","qualifiedName":"SuggestAnArticle.SuggestAnArticle.createState","href":"screens_education_SuggestAnArticle/SuggestAnArticle/createState.html","type":"method","overriddenDepth":1,"packageName":"milk_matters_donor_app","enclosedBy":{"name":"SuggestAnArticle","type":"class"}},{"name":"SuggestedArticle","qualifiedName":"SuggestedArticle","href":"models_SuggestedArticle/models_SuggestedArticle-library.html","type":"library","overriddenDepth":0,"packageName":"milk_matters_donor_app"},{"name":"SuggestedArticle","qualifiedName":"SuggestedArticle.SuggestedArticle","href":"models_SuggestedArticle/SuggestedArticle-class.html","type":"class","overriddenDepth":0,"packageName":"milk_matters_donor_app","enclosedBy":{"name":"SuggestedArticle","type":"library"}},{"name":"SuggestedArticle","qualifiedName":"SuggestedArticle.SuggestedArticle.SuggestedArticle","href":"models_SuggestedArticle/SuggestedArticle/SuggestedArticle.html","type":"constructor","overriddenDepth":0,"packageName":"milk_matters_donor_app","enclosedBy":{"name":"SuggestedArticle","type":"class"}},{"name":"comments","qualifiedName":"SuggestedArticle.SuggestedArticle.comments","href":"models_SuggestedArticle/SuggestedArticle/comments.html","type":"property","overriddenDepth":0,"packageName":"milk_matters_donor_app","enclosedBy":{"name":"SuggestedArticle","type":"class"}},{"name":"dateSuggested","qualifiedName":"SuggestedArticle.SuggestedArticle.dateSuggested","href":"models_SuggestedArticle/SuggestedArticle/dateSuggested.html","type":"property","overriddenDepth":0,"packageName":"milk_matters_donor_app","enclosedBy":{"name":"SuggestedArticle","type":"class"}},{"name":"donorNumber","qualifiedName":"SuggestedArticle.SuggestedArticle.donorNumber","href":"models_SuggestedArticle/SuggestedArticle/donorNumber.html","type":"property","overriddenDepth":0,"packageName":"milk_matters_donor_app","enclosedBy":{"name":"SuggestedArticle","type":"class"}},{"name":"suggestedBy","qualifiedName":"SuggestedArticle.SuggestedArticle.suggestedBy","href":"models_SuggestedArticle/SuggestedArticle/suggestedBy.html","type":"property","overriddenDepth":0,"packageName":"milk_matters_donor_app","enclosedBy":{"name":"SuggestedArticle","type":"class"}},{"name":"toMap","qualifiedName":"SuggestedArticle.SuggestedArticle.toMap","href":"models_SuggestedArticle/SuggestedArticle/toMap.html","type":"method","overriddenDepth":0,"packageName":"milk_matters_donor_app","enclosedBy":{"name":"SuggestedArticle","type":"class"}},{"name":"url","qualifiedName":"SuggestedArticle.SuggestedArticle.url","href":"models_SuggestedArticle/SuggestedArticle/url.html","type":"property","overriddenDepth":0,"packageName":"milk_matters_donor_app","enclosedBy":{"name":"SuggestedArticle","type":"class"}},{"name":"TrackedDonation","qualifiedName":"TrackedDonation","href":"models_TrackedDonation/models_TrackedDonation-library.html","type":"library","overriddenDepth":0,"packageName":"milk_matters_donor_app"},{"name":"TrackedDonation","qualifiedName":"TrackedDonation.TrackedDonation","href":"models_TrackedDonation/TrackedDonation-class.html","type":"class","overriddenDepth":0,"packageName":"milk_matters_donor_app","enclosedBy":{"name":"TrackedDonation","type":"library"}},{"name":"TrackedDonation","qualifiedName":"TrackedDonation.TrackedDonation.TrackedDonation","href":"models_TrackedDonation/TrackedDonation/TrackedDonation.html","type":"constructor","overriddenDepth":0,"packageName":"milk_matters_donor_app","enclosedBy":{"name":"TrackedDonation","type":"class"}},{"name":"amount","qualifiedName":"TrackedDonation.TrackedDonation.amount","href":"models_TrackedDonation/TrackedDonation/amount.html","type":"property","overriddenDepth":0,"packageName":"milk_matters_donor_app","enclosedBy":{"name":"TrackedDonation","type":"class"}},{"name":"columnAmount","qualifiedName":"TrackedDonation.TrackedDonation.columnAmount","href":"models_TrackedDonation/TrackedDonation/columnAmount.html","type":"property","overriddenDepth":0,"packageName":"milk_matters_donor_app","enclosedBy":{"name":"TrackedDonation","type":"class"}},{"name":"columnDateString","qualifiedName":"TrackedDonation.TrackedDonation.columnDateString","href":"models_TrackedDonation/TrackedDonation/columnDateString.html","type":"property","overriddenDepth":0,"packageName":"milk_matters_donor_app","enclosedBy":{"name":"TrackedDonation","type":"class"}},{"name":"columnDonationProcessed","qualifiedName":"TrackedDonation.TrackedDonation.columnDonationProcessed","href":"models_TrackedDonation/TrackedDonation/columnDonationProcessed.html","type":"property","overriddenDepth":0,"packageName":"milk_matters_donor_app","enclosedBy":{"name":"TrackedDonation","type":"class"}},{"name":"columnId","qualifiedName":"TrackedDonation.TrackedDonation.columnId","href":"models_TrackedDonation/TrackedDonation/columnId.html","type":"property","overriddenDepth":0,"packageName":"milk_matters_donor_app","enclosedBy":{"name":"TrackedDonation","type":"class"}},{"name":"dateRecorded","qualifiedName":"TrackedDonation.TrackedDonation.dateRecorded","href":"models_TrackedDonation/TrackedDonation/dateRecorded.html","type":"property","overriddenDepth":0,"packageName":"milk_matters_donor_app","enclosedBy":{"name":"TrackedDonation","type":"class"}},{"name":"donationProcessed","qualifiedName":"TrackedDonation.TrackedDonation.donationProcessed","href":"models_TrackedDonation/TrackedDonation/donationProcessed.html","type":"property","overriddenDepth":0,"packageName":"milk_matters_donor_app","enclosedBy":{"name":"TrackedDonation","type":"class"}},{"name":"TrackedDonation.fromMap","qualifiedName":"TrackedDonation.TrackedDonation.fromMap","href":"models_TrackedDonation/TrackedDonation/TrackedDonation.fromMap.html","type":"constructor","overriddenDepth":0,"packageName":"milk_matters_donor_app","enclosedBy":{"name":"TrackedDonation","type":"class"}},{"name":"id","qualifiedName":"TrackedDonation.TrackedDonation.id","href":"models_TrackedDonation/TrackedDonation/id.html","type":"property","overriddenDepth":0,"packageName":"milk_matters_donor_app","enclosedBy":{"name":"TrackedDonation","type":"class"}},{"name":"toMap","qualifiedName":"TrackedDonation.TrackedDonation.toMap","href":"models_TrackedDonation/TrackedDonation/toMap.html","type":"method","overriddenDepth":0,"packageName":"milk_matters_donor_app","enclosedBy":{"name":"TrackedDonation","type":"class"}},{"name":"toString","qualifiedName":"TrackedDonation.TrackedDonation.toString","href":"models_TrackedDonation/TrackedDonation/toString.html","type":"method","overriddenDepth":1,"packageName":"milk_matters_donor_app","enclosedBy":{"name":"TrackedDonation","type":"class"}},{"name":"TrackedDonation.withoutId","qualifiedName":"TrackedDonation.TrackedDonation.withoutId","href":"models_TrackedDonation/TrackedDonation/TrackedDonation.withoutId.html","type":"constructor","overriddenDepth":0,"packageName":"milk_matters_donor_app","enclosedBy":{"name":"TrackedDonation","type":"class"}},{"name":"main","qualifiedName":"main","href":"main/main-library.html","type":"library","overriddenDepth":0,"packageName":"milk_matters_donor_app"},{"name":"MilkMattersApp","qualifiedName":"main.MilkMattersApp","href":"main/MilkMattersApp-class.html","type":"class","overriddenDepth":0,"packageName":"milk_matters_donor_app","enclosedBy":{"name":"main","type":"library"}},{"name":"MilkMattersApp","qualifiedName":"main.MilkMattersApp.MilkMattersApp","href":"main/MilkMattersApp/MilkMattersApp.html","type":"constructor","overriddenDepth":0,"packageName":"milk_matters_donor_app","enclosedBy":{"name":"MilkMattersApp","type":"class"}},{"name":"build","qualifiedName":"main.MilkMattersApp.build","href":"main/MilkMattersApp/build.html","type":"method","overriddenDepth":1,"packageName":"milk_matters_donor_app","enclosedBy":{"name":"MilkMattersApp","type":"class"}},{"name":"main","qualifiedName":"main.main","href":"main/main.html","type":"function","overriddenDepth":0,"packageName":"milk_matters_donor_app","enclosedBy":{"name":"main","type":"library"}}]
