[{"name":"AccountManagement","qualifiedName":"AccountManagement","href":"screens_AccountManagement/screens_AccountManagement-library.html","type":"library","overriddenDepth":0,"packageName":"milk_matters_interface"},{"name":"AccountManagement","qualifiedName":"AccountManagement.AccountManagement","href":"screens_AccountManagement/AccountManagement-class.html","type":"class","overriddenDepth":0,"packageName":"milk_matters_interface","enclosedBy":{"name":"AccountManagement","type":"library"}},{"name":"AccountManagement","qualifiedName":"AccountManagement.AccountManagement.AccountManagement","href":"screens_AccountManagement/AccountManagement/AccountManagement.html","type":"constructor","overriddenDepth":0,"packageName":"milk_matters_interface","enclosedBy":{"name":"AccountManagement","type":"class"}},{"name":"createState","qualifiedName":"AccountManagement.AccountManagement.createState","href":"screens_AccountManagement/AccountManagement/createState.html","type":"method","overriddenDepth":1,"packageName":"milk_matters_interface","enclosedBy":{"name":"AccountManagement","type":"class"}},{"name":"Articles","qualifiedName":"Articles","href":"screens_Articles/screens_Articles-library.html","type":"library","overriddenDepth":0,"packageName":"milk_matters_interface"},{"name":"Articles","qualifiedName":"Articles.Articles","href":"screens_Articles/Articles-class.html","type":"class","overriddenDepth":0,"packageName":"milk_matters_interface","enclosedBy":{"name":"Articles","type":"library"}},{"name":"Articles","qualifiedName":"Articles.Articles.Articles","href":"screens_Articles/Articles/Articles.html","type":"constructor","overriddenDepth":0,"packageName":"milk_matters_interface","enclosedBy":{"name":"Articles","type":"class"}},{"name":"createState","qualifiedName":"Articles.Articles.createState","href":"screens_Articles/Articles/createState.html","type":"method","overriddenDepth":1,"packageName":"milk_matters_interface","enclosedBy":{"name":"Articles","type":"class"}},{"name":"Base64Image","qualifiedName":"Base64Image","href":"services_Base64Image/services_Base64Image-library.html","type":"library","overriddenDepth":0,"packageName":"milk_matters_interface"},{"name":"base64String","qualifiedName":"Base64Image.base64String","href":"services_Base64Image/base64String.html","type":"function","overriddenDepth":0,"packageName":"milk_matters_interface","enclosedBy":{"name":"Base64Image","type":"library"}},{"name":"dataFromBase64String","qualifiedName":"Base64Image.dataFromBase64String","href":"services_Base64Image/dataFromBase64String.html","type":"function","overriddenDepth":0,"packageName":"milk_matters_interface","enclosedBy":{"name":"Base64Image","type":"library"}},{"name":"imageFromBase64String","qualifiedName":"Base64Image.imageFromBase64String","href":"services_Base64Image/imageFromBase64String.html","type":"function","overriddenDepth":0,"packageName":"milk_matters_interface","enclosedBy":{"name":"Base64Image","type":"library"}},{"name":"CreateStaffAccount","qualifiedName":"CreateStaffAccount","href":"screens_CreateStaffAccount/screens_CreateStaffAccount-library.html","type":"library","overriddenDepth":0,"packageName":"milk_matters_interface"},{"name":"CreateStaffAccount","qualifiedName":"CreateStaffAccount.CreateStaffAccount","href":"screens_CreateStaffAccount/CreateStaffAccount-class.html","type":"class","overriddenDepth":0,"packageName":"milk_matters_interface","enclosedBy":{"name":"CreateStaffAccount","type":"library"}},{"name":"CreateStaffAccount","qualifiedName":"CreateStaffAccount.CreateStaffAccount.CreateStaffAccount","href":"screens_CreateStaffAccount/CreateStaffAccount/CreateStaffAccount.html","type":"constructor","overriddenDepth":0,"packageName":"milk_matters_interface","enclosedBy":{"name":"CreateStaffAccount","type":"class"}},{"name":"createState","qualifiedName":"CreateStaffAccount.CreateStaffAccount.createState","href":"screens_CreateStaffAccount/CreateStaffAccount/createState.html","type":"method","overriddenDepth":1,"packageName":"milk_matters_interface","enclosedBy":{"name":"CreateStaffAccount","type":"class"}},{"name":"Dashboard","qualifiedName":"Dashboard","href":"screens_Dashboard/screens_Dashboard-library.html","type":"library","overriddenDepth":0,"packageName":"milk_matters_interface"},{"name":"Dashboard","qualifiedName":"Dashboard.Dashboard","href":"screens_Dashboard/Dashboard-class.html","type":"class","overriddenDepth":0,"packageName":"milk_matters_interface","enclosedBy":{"name":"Dashboard","type":"library"}},{"name":"Dashboard","qualifiedName":"Dashboard.Dashboard.Dashboard","href":"screens_Dashboard/Dashboard/Dashboard.html","type":"constructor","overriddenDepth":0,"packageName":"milk_matters_interface","enclosedBy":{"name":"Dashboard","type":"class"}},{"name":"createState","qualifiedName":"Dashboard.Dashboard.createState","href":"screens_Dashboard/Dashboard/createState.html","type":"method","overriddenDepth":1,"packageName":"milk_matters_interface","enclosedBy":{"name":"Dashboard","type":"class"}},{"name":"DatabaseService","qualifiedName":"DatabaseService","href":"services_DatabaseService/services_DatabaseService-library.html","type":"library","overriddenDepth":0,"packageName":"milk_matters_interface"},{"name":"DatabaseService","qualifiedName":"DatabaseService.DatabaseService","href":"services_DatabaseService/DatabaseService-class.html","type":"class","overriddenDepth":0,"packageName":"milk_matters_interface","enclosedBy":{"name":"DatabaseService","type":"library"}},{"name":"DatabaseService","qualifiedName":"DatabaseService.DatabaseService.DatabaseService","href":"services_DatabaseService/DatabaseService/DatabaseService.html","type":"constructor","overriddenDepth":0,"packageName":"milk_matters_interface","enclosedBy":{"name":"DatabaseService","type":"class"}},{"name":"JennyPassword","qualifiedName":"DatabaseService.DatabaseService.JennyPassword","href":"services_DatabaseService/DatabaseService/JennyPassword.html","type":"property","overriddenDepth":0,"packageName":"milk_matters_interface","enclosedBy":{"name":"DatabaseService","type":"class"}},{"name":"checkJennyPassword","qualifiedName":"DatabaseService.DatabaseService.checkJennyPassword","href":"services_DatabaseService/DatabaseService/checkJennyPassword.html","type":"method","overriddenDepth":0,"packageName":"milk_matters_interface","enclosedBy":{"name":"DatabaseService","type":"class"}},{"name":"createNewStaffAccount","qualifiedName":"DatabaseService.DatabaseService.createNewStaffAccount","href":"services_DatabaseService/DatabaseService/createNewStaffAccount.html","type":"method","overriddenDepth":0,"packageName":"milk_matters_interface","enclosedBy":{"name":"DatabaseService","type":"class"}},{"name":"db","qualifiedName":"DatabaseService.DatabaseService.db","href":"services_DatabaseService/DatabaseService/db.html","type":"property","overriddenDepth":0,"packageName":"milk_matters_interface","enclosedBy":{"name":"DatabaseService","type":"class"}},{"name":"declineSuggestedArticle","qualifiedName":"DatabaseService.DatabaseService.declineSuggestedArticle","href":"services_DatabaseService/DatabaseService/declineSuggestedArticle.html","type":"method","overriddenDepth":0,"packageName":"milk_matters_interface","enclosedBy":{"name":"DatabaseService","type":"class"}},{"name":"deleteArticle","qualifiedName":"DatabaseService.DatabaseService.deleteArticle","href":"services_DatabaseService/DatabaseService/deleteArticle.html","type":"method","overriddenDepth":0,"packageName":"milk_matters_interface","enclosedBy":{"name":"DatabaseService","type":"class"}},{"name":"deleteDepot","qualifiedName":"DatabaseService.DatabaseService.deleteDepot","href":"services_DatabaseService/DatabaseService/deleteDepot.html","type":"method","overriddenDepth":0,"packageName":"milk_matters_interface","enclosedBy":{"name":"DatabaseService","type":"class"}},{"name":"deleteDonationDropoff","qualifiedName":"DatabaseService.DatabaseService.deleteDonationDropoff","href":"services_DatabaseService/DatabaseService/deleteDonationDropoff.html","type":"method","overriddenDepth":0,"packageName":"milk_matters_interface","enclosedBy":{"name":"DatabaseService","type":"class"}},{"name":"deleteDonorNumber","qualifiedName":"DatabaseService.DatabaseService.deleteDonorNumber","href":"services_DatabaseService/DatabaseService/deleteDonorNumber.html","type":"method","overriddenDepth":0,"packageName":"milk_matters_interface","enclosedBy":{"name":"DatabaseService","type":"class"}},{"name":"deleteNewsOrEventItem","qualifiedName":"DatabaseService.DatabaseService.deleteNewsOrEventItem","href":"services_DatabaseService/DatabaseService/deleteNewsOrEventItem.html","type":"method","overriddenDepth":0,"packageName":"milk_matters_interface","enclosedBy":{"name":"DatabaseService","type":"class"}},{"name":"pushArticle","qualifiedName":"DatabaseService.DatabaseService.pushArticle","href":"services_DatabaseService/DatabaseService/pushArticle.html","type":"method","overriddenDepth":0,"packageName":"milk_matters_interface","enclosedBy":{"name":"DatabaseService","type":"class"}},{"name":"pushDepot","qualifiedName":"DatabaseService.DatabaseService.pushDepot","href":"services_DatabaseService/DatabaseService/pushDepot.html","type":"method","overriddenDepth":0,"packageName":"milk_matters_interface","enclosedBy":{"name":"DatabaseService","type":"class"}},{"name":"pushDonorNumber","qualifiedName":"DatabaseService.DatabaseService.pushDonorNumber","href":"services_DatabaseService/DatabaseService/pushDonorNumber.html","type":"method","overriddenDepth":0,"packageName":"milk_matters_interface","enclosedBy":{"name":"DatabaseService","type":"class"}},{"name":"pushNewsOrEventItem","qualifiedName":"DatabaseService.DatabaseService.pushNewsOrEventItem","href":"services_DatabaseService/DatabaseService/pushNewsOrEventItem.html","type":"method","overriddenDepth":0,"packageName":"milk_matters_interface","enclosedBy":{"name":"DatabaseService","type":"class"}},{"name":"pushSuggestedArticle","qualifiedName":"DatabaseService.DatabaseService.pushSuggestedArticle","href":"services_DatabaseService/DatabaseService/pushSuggestedArticle.html","type":"method","overriddenDepth":0,"packageName":"milk_matters_interface","enclosedBy":{"name":"DatabaseService","type":"class"}},{"name":"resetStaffPassword","qualifiedName":"DatabaseService.DatabaseService.resetStaffPassword","href":"services_DatabaseService/DatabaseService/resetStaffPassword.html","type":"method","overriddenDepth":0,"packageName":"milk_matters_interface","enclosedBy":{"name":"DatabaseService","type":"class"}},{"name":"setArticle","qualifiedName":"DatabaseService.DatabaseService.setArticle","href":"services_DatabaseService/DatabaseService/setArticle.html","type":"method","overriddenDepth":0,"packageName":"milk_matters_interface","enclosedBy":{"name":"DatabaseService","type":"class"}},{"name":"setDepot","qualifiedName":"DatabaseService.DatabaseService.setDepot","href":"services_DatabaseService/DatabaseService/setDepot.html","type":"method","overriddenDepth":0,"packageName":"milk_matters_interface","enclosedBy":{"name":"DatabaseService","type":"class"}},{"name":"setNewsOrEventItem","qualifiedName":"DatabaseService.DatabaseService.setNewsOrEventItem","href":"services_DatabaseService/DatabaseService/setNewsOrEventItem.html","type":"method","overriddenDepth":0,"packageName":"milk_matters_interface","enclosedBy":{"name":"DatabaseService","type":"class"}},{"name":"signInUser","qualifiedName":"DatabaseService.DatabaseService.signInUser","href":"services_DatabaseService/DatabaseService/signInUser.html","type":"method","overriddenDepth":0,"packageName":"milk_matters_interface","enclosedBy":{"name":"DatabaseService","type":"class"}},{"name":"signOutUser","qualifiedName":"DatabaseService.DatabaseService.signOutUser","href":"services_DatabaseService/DatabaseService/signOutUser.html","type":"method","overriddenDepth":0,"packageName":"milk_matters_interface","enclosedBy":{"name":"DatabaseService","type":"class"}},{"name":"DeleteDonorNumber","qualifiedName":"DeleteDonorNumber","href":"screens_DeleteDonorNumber/screens_DeleteDonorNumber-library.html","type":"library","overriddenDepth":0,"packageName":"milk_matters_interface"},{"name":"DeleteDonorNumber","qualifiedName":"DeleteDonorNumber.DeleteDonorNumber","href":"screens_DeleteDonorNumber/DeleteDonorNumber-class.html","type":"class","overriddenDepth":0,"packageName":"milk_matters_interface","enclosedBy":{"name":"DeleteDonorNumber","type":"library"}},{"name":"DeleteDonorNumber","qualifiedName":"DeleteDonorNumber.DeleteDonorNumber.DeleteDonorNumber","href":"screens_DeleteDonorNumber/DeleteDonorNumber/DeleteDonorNumber.html","type":"constructor","overriddenDepth":0,"packageName":"milk_matters_interface","enclosedBy":{"name":"DeleteDonorNumber","type":"class"}},{"name":"createState","qualifiedName":"DeleteDonorNumber.DeleteDonorNumber.createState","href":"screens_DeleteDonorNumber/DeleteDonorNumber/createState.html","type":"method","overriddenDepth":1,"packageName":"milk_matters_interface","enclosedBy":{"name":"DeleteDonorNumber","type":"class"}},{"name":"Depot","qualifiedName":"Depot","href":"models_Depot/models_Depot-library.html","type":"library","overriddenDepth":0,"packageName":"milk_matters_interface"},{"name":"Depot","qualifiedName":"Depot.Depot","href":"models_Depot/Depot-class.html","type":"class","overriddenDepth":0,"packageName":"milk_matters_interface","enclosedBy":{"name":"Depot","type":"library"}},{"name":"Depot","qualifiedName":"Depot.Depot.Depot","href":"models_Depot/Depot/Depot.html","type":"constructor","overriddenDepth":0,"packageName":"milk_matters_interface","enclosedBy":{"name":"Depot","type":"class"}},{"name":"address","qualifiedName":"Depot.Depot.address","href":"models_Depot/Depot/address.html","type":"property","overriddenDepth":0,"packageName":"milk_matters_interface","enclosedBy":{"name":"Depot","type":"class"}},{"name":"comments","qualifiedName":"Depot.Depot.comments","href":"models_Depot/Depot/comments.html","type":"property","overriddenDepth":0,"packageName":"milk_matters_interface","enclosedBy":{"name":"Depot","type":"class"}},{"name":"contactNumber","qualifiedName":"Depot.Depot.contactNumber","href":"models_Depot/Depot/contactNumber.html","type":"property","overriddenDepth":0,"packageName":"milk_matters_interface","enclosedBy":{"name":"Depot","type":"class"}},{"name":"Depot.fromJson","qualifiedName":"Depot.Depot.fromJson","href":"models_Depot/Depot/Depot.fromJson.html","type":"constructor","overriddenDepth":0,"packageName":"milk_matters_interface","enclosedBy":{"name":"Depot","type":"class"}},{"name":"Depot.fromMap","qualifiedName":"Depot.Depot.fromMap","href":"models_Depot/Depot/Depot.fromMap.html","type":"constructor","overriddenDepth":0,"packageName":"milk_matters_interface","enclosedBy":{"name":"Depot","type":"class"}},{"name":"key","qualifiedName":"Depot.Depot.key","href":"models_Depot/Depot/key.html","type":"property","overriddenDepth":0,"packageName":"milk_matters_interface","enclosedBy":{"name":"Depot","type":"class"}},{"name":"lat","qualifiedName":"Depot.Depot.lat","href":"models_Depot/Depot/lat.html","type":"property","overriddenDepth":0,"packageName":"milk_matters_interface","enclosedBy":{"name":"Depot","type":"class"}},{"name":"long","qualifiedName":"Depot.Depot.long","href":"models_Depot/Depot/long.html","type":"property","overriddenDepth":0,"packageName":"milk_matters_interface","enclosedBy":{"name":"Depot","type":"class"}},{"name":"name","qualifiedName":"Depot.Depot.name","href":"models_Depot/Depot/name.html","type":"property","overriddenDepth":0,"packageName":"milk_matters_interface","enclosedBy":{"name":"Depot","type":"class"}},{"name":"toMap","qualifiedName":"Depot.Depot.toMap","href":"models_Depot/Depot/toMap.html","type":"method","overriddenDepth":0,"packageName":"milk_matters_interface","enclosedBy":{"name":"Depot","type":"class"}},{"name":"DepotCard","qualifiedName":"DepotCard","href":"customWidget_DepotCard/customWidget_DepotCard-library.html","type":"library","overriddenDepth":0,"packageName":"milk_matters_interface"},{"name":"DepotCard","qualifiedName":"DepotCard.DepotCard","href":"customWidget_DepotCard/DepotCard-class.html","type":"class","overriddenDepth":0,"packageName":"milk_matters_interface","enclosedBy":{"name":"DepotCard","type":"library"}},{"name":"DepotCard","qualifiedName":"DepotCard.DepotCard.DepotCard","href":"customWidget_DepotCard/DepotCard/DepotCard.html","type":"constructor","overriddenDepth":0,"packageName":"milk_matters_interface","enclosedBy":{"name":"DepotCard","type":"class"}},{"name":"address","qualifiedName":"DepotCard.DepotCard.address","href":"customWidget_DepotCard/DepotCard/address.html","type":"property","overriddenDepth":0,"packageName":"milk_matters_interface","enclosedBy":{"name":"DepotCard","type":"class"}},{"name":"comments","qualifiedName":"DepotCard.DepotCard.comments","href":"customWidget_DepotCard/DepotCard/comments.html","type":"property","overriddenDepth":0,"packageName":"milk_matters_interface","enclosedBy":{"name":"DepotCard","type":"class"}},{"name":"contactNumber","qualifiedName":"DepotCard.DepotCard.contactNumber","href":"customWidget_DepotCard/DepotCard/contactNumber.html","type":"property","overriddenDepth":0,"packageName":"milk_matters_interface","enclosedBy":{"name":"DepotCard","type":"class"}},{"name":"createState","qualifiedName":"DepotCard.DepotCard.createState","href":"customWidget_DepotCard/DepotCard/createState.html","type":"method","overriddenDepth":1,"packageName":"milk_matters_interface","enclosedBy":{"name":"DepotCard","type":"class"}},{"name":"lat","qualifiedName":"DepotCard.DepotCard.lat","href":"customWidget_DepotCard/DepotCard/lat.html","type":"property","overriddenDepth":0,"packageName":"milk_matters_interface","enclosedBy":{"name":"DepotCard","type":"class"}},{"name":"long","qualifiedName":"DepotCard.DepotCard.long","href":"customWidget_DepotCard/DepotCard/long.html","type":"property","overriddenDepth":0,"packageName":"milk_matters_interface","enclosedBy":{"name":"DepotCard","type":"class"}},{"name":"name","qualifiedName":"DepotCard.DepotCard.name","href":"customWidget_DepotCard/DepotCard/name.html","type":"property","overriddenDepth":0,"packageName":"milk_matters_interface","enclosedBy":{"name":"DepotCard","type":"class"}},{"name":"Depots","qualifiedName":"Depots","href":"screens_Depots/screens_Depots-library.html","type":"library","overriddenDepth":0,"packageName":"milk_matters_interface"},{"name":"Depots","qualifiedName":"Depots.Depots","href":"screens_Depots/Depots-class.html","type":"class","overriddenDepth":0,"packageName":"milk_matters_interface","enclosedBy":{"name":"Depots","type":"library"}},{"name":"Depots","qualifiedName":"Depots.Depots.Depots","href":"screens_Depots/Depots/Depots.html","type":"constructor","overriddenDepth":0,"packageName":"milk_matters_interface","enclosedBy":{"name":"Depots","type":"class"}},{"name":"createState","qualifiedName":"Depots.Depots.createState","href":"screens_Depots/Depots/createState.html","type":"method","overriddenDepth":1,"packageName":"milk_matters_interface","enclosedBy":{"name":"Depots","type":"class"}},{"name":"DonationDropoff","qualifiedName":"DonationDropoff","href":"models_DonationDropoff/models_DonationDropoff-library.html","type":"library","overriddenDepth":0,"packageName":"milk_matters_interface"},{"name":"DonationDropoff","qualifiedName":"DonationDropoff.DonationDropoff","href":"models_DonationDropoff/DonationDropoff-class.html","type":"class","overriddenDepth":0,"packageName":"milk_matters_interface","enclosedBy":{"name":"DonationDropoff","type":"library"}},{"name":"DonationDropoff","qualifiedName":"DonationDropoff.DonationDropoff.DonationDropoff","href":"models_DonationDropoff/DonationDropoff/DonationDropoff.html","type":"constructor","overriddenDepth":0,"packageName":"milk_matters_interface","enclosedBy":{"name":"DonationDropoff","type":"class"}},{"name":"amount","qualifiedName":"DonationDropoff.DonationDropoff.amount","href":"models_DonationDropoff/DonationDropoff/amount.html","type":"property","overriddenDepth":0,"packageName":"milk_matters_interface","enclosedBy":{"name":"DonationDropoff","type":"class"}},{"name":"dateDroppedOff","qualifiedName":"DonationDropoff.DonationDropoff.dateDroppedOff","href":"models_DonationDropoff/DonationDropoff/dateDroppedOff.html","type":"property","overriddenDepth":0,"packageName":"milk_matters_interface","enclosedBy":{"name":"DonationDropoff","type":"class"}},{"name":"depotId","qualifiedName":"DonationDropoff.DonationDropoff.depotId","href":"models_DonationDropoff/DonationDropoff/depotId.html","type":"property","overriddenDepth":0,"packageName":"milk_matters_interface","enclosedBy":{"name":"DonationDropoff","type":"class"}},{"name":"donorEmail","qualifiedName":"DonationDropoff.DonationDropoff.donorEmail","href":"models_DonationDropoff/DonationDropoff/donorEmail.html","type":"property","overriddenDepth":0,"packageName":"milk_matters_interface","enclosedBy":{"name":"DonationDropoff","type":"class"}},{"name":"donorNumber","qualifiedName":"DonationDropoff.DonationDropoff.donorNumber","href":"models_DonationDropoff/DonationDropoff/donorNumber.html","type":"property","overriddenDepth":0,"packageName":"milk_matters_interface","enclosedBy":{"name":"DonationDropoff","type":"class"}},{"name":"DonationDropoff.fromJson","qualifiedName":"DonationDropoff.DonationDropoff.fromJson","href":"models_DonationDropoff/DonationDropoff/DonationDropoff.fromJson.html","type":"constructor","overriddenDepth":0,"packageName":"milk_matters_interface","enclosedBy":{"name":"DonationDropoff","type":"class"}},{"name":"DonationDropoff.fromMap","qualifiedName":"DonationDropoff.DonationDropoff.fromMap","href":"models_DonationDropoff/DonationDropoff/DonationDropoff.fromMap.html","type":"constructor","overriddenDepth":0,"packageName":"milk_matters_interface","enclosedBy":{"name":"DonationDropoff","type":"class"}},{"name":"key","qualifiedName":"DonationDropoff.DonationDropoff.key","href":"models_DonationDropoff/DonationDropoff/key.html","type":"property","overriddenDepth":0,"packageName":"milk_matters_interface","enclosedBy":{"name":"DonationDropoff","type":"class"}},{"name":"toMap","qualifiedName":"DonationDropoff.DonationDropoff.toMap","href":"models_DonationDropoff/DonationDropoff/toMap.html","type":"method","overriddenDepth":0,"packageName":"milk_matters_interface","enclosedBy":{"name":"DonationDropoff","type":"class"}},{"name":"toString","qualifiedName":"DonationDropoff.DonationDropoff.toString","href":"models_DonationDropoff/DonationDropoff/toString.html","type":"method","overriddenDepth":1,"packageName":"milk_matters_interface","enclosedBy":{"name":"DonationDropoff","type":"class"}},{"name":"DonationTable","qualifiedName":"DonationTable","href":"customWidget_DonationTable/customWidget_DonationTable-library.html","type":"library","overriddenDepth":0,"packageName":"milk_matters_interface"},{"name":"DonationTable","qualifiedName":"DonationTable.DonationTable","href":"customWidget_DonationTable/DonationTable-class.html","type":"class","overriddenDepth":0,"packageName":"milk_matters_interface","enclosedBy":{"name":"DonationTable","type":"library"}},{"name":"DonationTable","qualifiedName":"DonationTable.DonationTable.DonationTable","href":"customWidget_DonationTable/DonationTable/DonationTable.html","type":"constructor","overriddenDepth":0,"packageName":"milk_matters_interface","enclosedBy":{"name":"DonationTable","type":"class"}},{"name":"amount","qualifiedName":"DonationTable.DonationTable.amount","href":"customWidget_DonationTable/DonationTable/amount.html","type":"property","overriddenDepth":0,"packageName":"milk_matters_interface","enclosedBy":{"name":"DonationTable","type":"class"}},{"name":"createState","qualifiedName":"DonationTable.DonationTable.createState","href":"customWidget_DonationTable/DonationTable/createState.html","type":"method","overriddenDepth":1,"packageName":"milk_matters_interface","enclosedBy":{"name":"DonationTable","type":"class"}},{"name":"dateDroppedOff","qualifiedName":"DonationTable.DonationTable.dateDroppedOff","href":"customWidget_DonationTable/DonationTable/dateDroppedOff.html","type":"property","overriddenDepth":0,"packageName":"milk_matters_interface","enclosedBy":{"name":"DonationTable","type":"class"}},{"name":"depotId","qualifiedName":"DonationTable.DonationTable.depotId","href":"customWidget_DonationTable/DonationTable/depotId.html","type":"property","overriddenDepth":0,"packageName":"milk_matters_interface","enclosedBy":{"name":"DonationTable","type":"class"}},{"name":"donorNumber","qualifiedName":"DonationTable.DonationTable.donorNumber","href":"customWidget_DonationTable/DonationTable/donorNumber.html","type":"property","overriddenDepth":0,"packageName":"milk_matters_interface","enclosedBy":{"name":"DonationTable","type":"class"}},{"name":"EducationArticle","qualifiedName":"EducationArticle","href":"models_EducationArticle/models_EducationArticle-library.html","type":"library","overriddenDepth":0,"packageName":"milk_matters_interface"},{"name":"EducationArticle","qualifiedName":"EducationArticle.EducationArticle","href":"models_EducationArticle/EducationArticle-class.html","type":"class","overriddenDepth":0,"packageName":"milk_matters_interface","enclosedBy":{"name":"EducationArticle","type":"library"}},{"name":"EducationArticle","qualifiedName":"EducationArticle.EducationArticle.EducationArticle","href":"models_EducationArticle/EducationArticle/EducationArticle.html","type":"constructor","overriddenDepth":0,"packageName":"milk_matters_interface","enclosedBy":{"name":"EducationArticle","type":"class"}},{"name":"category","qualifiedName":"EducationArticle.EducationArticle.category","href":"models_EducationArticle/EducationArticle/category.html","type":"property","overriddenDepth":0,"packageName":"milk_matters_interface","enclosedBy":{"name":"EducationArticle","type":"class"}},{"name":"compareTo","qualifiedName":"EducationArticle.EducationArticle.compareTo","href":"models_EducationArticle/EducationArticle/compareTo.html","type":"method","overriddenDepth":0,"packageName":"milk_matters_interface","enclosedBy":{"name":"EducationArticle","type":"class"}},{"name":"date","qualifiedName":"EducationArticle.EducationArticle.date","href":"models_EducationArticle/EducationArticle/date.html","type":"property","overriddenDepth":0,"packageName":"milk_matters_interface","enclosedBy":{"name":"EducationArticle","type":"class"}},{"name":"dateAdded","qualifiedName":"EducationArticle.EducationArticle.dateAdded","href":"models_EducationArticle/EducationArticle/dateAdded.html","type":"property","overriddenDepth":0,"packageName":"milk_matters_interface","enclosedBy":{"name":"EducationArticle","type":"class"}},{"name":"description","qualifiedName":"EducationArticle.EducationArticle.description","href":"models_EducationArticle/EducationArticle/description.html","type":"property","overriddenDepth":0,"packageName":"milk_matters_interface","enclosedBy":{"name":"EducationArticle","type":"class"}},{"name":"EducationArticle.fromJson","qualifiedName":"EducationArticle.EducationArticle.fromJson","href":"models_EducationArticle/EducationArticle/EducationArticle.fromJson.html","type":"constructor","overriddenDepth":0,"packageName":"milk_matters_interface","enclosedBy":{"name":"EducationArticle","type":"class"}},{"name":"EducationArticle.fromMap","qualifiedName":"EducationArticle.EducationArticle.fromMap","href":"models_EducationArticle/EducationArticle/EducationArticle.fromMap.html","type":"constructor","overriddenDepth":0,"packageName":"milk_matters_interface","enclosedBy":{"name":"EducationArticle","type":"class"}},{"name":"image","qualifiedName":"EducationArticle.EducationArticle.image","href":"models_EducationArticle/EducationArticle/image.html","type":"property","overriddenDepth":0,"packageName":"milk_matters_interface","enclosedBy":{"name":"EducationArticle","type":"class"}},{"name":"key","qualifiedName":"EducationArticle.EducationArticle.key","href":"models_EducationArticle/EducationArticle/key.html","type":"property","overriddenDepth":0,"packageName":"milk_matters_interface","enclosedBy":{"name":"EducationArticle","type":"class"}},{"name":"setCategory","qualifiedName":"EducationArticle.EducationArticle.setCategory","href":"models_EducationArticle/EducationArticle/setCategory.html","type":"method","overriddenDepth":0,"packageName":"milk_matters_interface","enclosedBy":{"name":"EducationArticle","type":"class"}},{"name":"title","qualifiedName":"EducationArticle.EducationArticle.title","href":"models_EducationArticle/EducationArticle/title.html","type":"property","overriddenDepth":0,"packageName":"milk_matters_interface","enclosedBy":{"name":"EducationArticle","type":"class"}},{"name":"toMap","qualifiedName":"EducationArticle.EducationArticle.toMap","href":"models_EducationArticle/EducationArticle/toMap.html","type":"method","overriddenDepth":0,"packageName":"milk_matters_interface","enclosedBy":{"name":"EducationArticle","type":"class"}},{"name":"url","qualifiedName":"EducationArticle.EducationArticle.url","href":"models_EducationArticle/EducationArticle/url.html","type":"property","overriddenDepth":0,"packageName":"milk_matters_interface","enclosedBy":{"name":"EducationArticle","type":"class"}},{"name":"Home","qualifiedName":"Home","href":"screens_Home/screens_Home-library.html","type":"library","overriddenDepth":0,"packageName":"milk_matters_interface"},{"name":"Home","qualifiedName":"Home.Home","href":"screens_Home/Home-class.html","type":"class","overriddenDepth":0,"packageName":"milk_matters_interface","enclosedBy":{"name":"Home","type":"library"}},{"name":"Home","qualifiedName":"Home.Home.Home","href":"screens_Home/Home/Home.html","type":"constructor","overriddenDepth":0,"packageName":"milk_matters_interface","enclosedBy":{"name":"Home","type":"class"}},{"name":"createState","qualifiedName":"Home.Home.createState","href":"screens_Home/Home/createState.html","type":"method","overriddenDepth":1,"packageName":"milk_matters_interface","enclosedBy":{"name":"Home","type":"class"}},{"name":"Login","qualifiedName":"Login","href":"screens_Login/screens_Login-library.html","type":"library","overriddenDepth":0,"packageName":"milk_matters_interface"},{"name":"Login","qualifiedName":"Login.Login","href":"screens_Login/Login-class.html","type":"class","overriddenDepth":0,"packageName":"milk_matters_interface","enclosedBy":{"name":"Login","type":"library"}},{"name":"Login","qualifiedName":"Login.Login.Login","href":"screens_Login/Login/Login.html","type":"constructor","overriddenDepth":0,"packageName":"milk_matters_interface","enclosedBy":{"name":"Login","type":"class"}},{"name":"createState","qualifiedName":"Login.Login.createState","href":"screens_Login/Login/createState.html","type":"method","overriddenDepth":1,"packageName":"milk_matters_interface","enclosedBy":{"name":"Login","type":"class"}},{"name":"NewArticle","qualifiedName":"NewArticle","href":"screens_NewArticle/screens_NewArticle-library.html","type":"library","overriddenDepth":0,"packageName":"milk_matters_interface"},{"name":"NewArticle","qualifiedName":"NewArticle.NewArticle","href":"screens_NewArticle/NewArticle-class.html","type":"class","overriddenDepth":0,"packageName":"milk_matters_interface","enclosedBy":{"name":"NewArticle","type":"library"}},{"name":"NewArticle","qualifiedName":"NewArticle.NewArticle.NewArticle","href":"screens_NewArticle/NewArticle/NewArticle.html","type":"constructor","overriddenDepth":0,"packageName":"milk_matters_interface","enclosedBy":{"name":"NewArticle","type":"class"}},{"name":"createState","qualifiedName":"NewArticle.NewArticle.createState","href":"screens_NewArticle/NewArticle/createState.html","type":"method","overriddenDepth":1,"packageName":"milk_matters_interface","enclosedBy":{"name":"NewArticle","type":"class"}},{"name":"edit","qualifiedName":"NewArticle.NewArticle.edit","href":"screens_NewArticle/NewArticle/edit.html","type":"property","overriddenDepth":0,"packageName":"milk_matters_interface","enclosedBy":{"name":"NewArticle","type":"class"}},{"name":"item","qualifiedName":"NewArticle.NewArticle.item","href":"screens_NewArticle/NewArticle/item.html","type":"property","overriddenDepth":0,"packageName":"milk_matters_interface","enclosedBy":{"name":"NewArticle","type":"class"}},{"name":"NewDepot","qualifiedName":"NewDepot","href":"screens_NewDepot/screens_NewDepot-library.html","type":"library","overriddenDepth":0,"packageName":"milk_matters_interface"},{"name":"NewDepot","qualifiedName":"NewDepot.NewDepot","href":"screens_NewDepot/NewDepot-class.html","type":"class","overriddenDepth":0,"packageName":"milk_matters_interface","enclosedBy":{"name":"NewDepot","type":"library"}},{"name":"NewDepot","qualifiedName":"NewDepot.NewDepot.NewDepot","href":"screens_NewDepot/NewDepot/NewDepot.html","type":"constructor","overriddenDepth":0,"packageName":"milk_matters_interface","enclosedBy":{"name":"NewDepot","type":"class"}},{"name":"createState","qualifiedName":"NewDepot.NewDepot.createState","href":"screens_NewDepot/NewDepot/createState.html","type":"method","overriddenDepth":1,"packageName":"milk_matters_interface","enclosedBy":{"name":"NewDepot","type":"class"}},{"name":"edit","qualifiedName":"NewDepot.NewDepot.edit","href":"screens_NewDepot/NewDepot/edit.html","type":"property","overriddenDepth":0,"packageName":"milk_matters_interface","enclosedBy":{"name":"NewDepot","type":"class"}},{"name":"item","qualifiedName":"NewDepot.NewDepot.item","href":"screens_NewDepot/NewDepot/item.html","type":"property","overriddenDepth":0,"packageName":"milk_matters_interface","enclosedBy":{"name":"NewDepot","type":"class"}},{"name":"NewDonorNumber","qualifiedName":"NewDonorNumber","href":"models_NewDonorNumber/models_NewDonorNumber-library.html","type":"library","overriddenDepth":0,"packageName":"milk_matters_interface"},{"name":"NewDonorNumber","qualifiedName":"NewDonorNumber.NewDonorNumber","href":"models_NewDonorNumber/NewDonorNumber-class.html","type":"class","overriddenDepth":0,"packageName":"milk_matters_interface","enclosedBy":{"name":"NewDonorNumber","type":"library"}},{"name":"NewDonorNumber","qualifiedName":"NewDonorNumber.NewDonorNumber.NewDonorNumber","href":"models_NewDonorNumber/NewDonorNumber/NewDonorNumber.html","type":"constructor","overriddenDepth":0,"packageName":"milk_matters_interface","enclosedBy":{"name":"NewDonorNumber","type":"class"}},{"name":"donorNumber","qualifiedName":"NewDonorNumber.NewDonorNumber.donorNumber","href":"models_NewDonorNumber/NewDonorNumber/donorNumber.html","type":"property","overriddenDepth":0,"packageName":"milk_matters_interface","enclosedBy":{"name":"NewDonorNumber","type":"class"}},{"name":"email","qualifiedName":"NewDonorNumber.NewDonorNumber.email","href":"models_NewDonorNumber/NewDonorNumber/email.html","type":"property","overriddenDepth":0,"packageName":"milk_matters_interface","enclosedBy":{"name":"NewDonorNumber","type":"class"}},{"name":"NewDonorNumber.fromJson","qualifiedName":"NewDonorNumber.NewDonorNumber.fromJson","href":"models_NewDonorNumber/NewDonorNumber/NewDonorNumber.fromJson.html","type":"constructor","overriddenDepth":0,"packageName":"milk_matters_interface","enclosedBy":{"name":"NewDonorNumber","type":"class"}},{"name":"NewDonorNumber.fromMap","qualifiedName":"NewDonorNumber.NewDonorNumber.fromMap","href":"models_NewDonorNumber/NewDonorNumber/NewDonorNumber.fromMap.html","type":"constructor","overriddenDepth":0,"packageName":"milk_matters_interface","enclosedBy":{"name":"NewDonorNumber","type":"class"}},{"name":"toMap","qualifiedName":"NewDonorNumber.NewDonorNumber.toMap","href":"models_NewDonorNumber/NewDonorNumber/toMap.html","type":"method","overriddenDepth":0,"packageName":"milk_matters_interface","enclosedBy":{"name":"NewDonorNumber","type":"class"}},{"name":"NewNewsAndEventsItem","qualifiedName":"NewNewsAndEventsItem","href":"screens_NewNewsAndEventsItem/screens_NewNewsAndEventsItem-library.html","type":"library","overriddenDepth":0,"packageName":"milk_matters_interface"},{"name":"NewNewsAndEventsItem","qualifiedName":"NewNewsAndEventsItem.NewNewsAndEventsItem","href":"screens_NewNewsAndEventsItem/NewNewsAndEventsItem-class.html","type":"class","overriddenDepth":0,"packageName":"milk_matters_interface","enclosedBy":{"name":"NewNewsAndEventsItem","type":"library"}},{"name":"NewNewsAndEventsItem","qualifiedName":"NewNewsAndEventsItem.NewNewsAndEventsItem.NewNewsAndEventsItem","href":"screens_NewNewsAndEventsItem/NewNewsAndEventsItem/NewNewsAndEventsItem.html","type":"constructor","overriddenDepth":0,"packageName":"milk_matters_interface","enclosedBy":{"name":"NewNewsAndEventsItem","type":"class"}},{"name":"createState","qualifiedName":"NewNewsAndEventsItem.NewNewsAndEventsItem.createState","href":"screens_NewNewsAndEventsItem/NewNewsAndEventsItem/createState.html","type":"method","overriddenDepth":1,"packageName":"milk_matters_interface","enclosedBy":{"name":"NewNewsAndEventsItem","type":"class"}},{"name":"edit","qualifiedName":"NewNewsAndEventsItem.NewNewsAndEventsItem.edit","href":"screens_NewNewsAndEventsItem/NewNewsAndEventsItem/edit.html","type":"property","overriddenDepth":0,"packageName":"milk_matters_interface","enclosedBy":{"name":"NewNewsAndEventsItem","type":"class"}},{"name":"item","qualifiedName":"NewNewsAndEventsItem.NewNewsAndEventsItem.item","href":"screens_NewNewsAndEventsItem/NewNewsAndEventsItem/item.html","type":"property","overriddenDepth":0,"packageName":"milk_matters_interface","enclosedBy":{"name":"NewNewsAndEventsItem","type":"class"}},{"name":"NewSuggestedArticles","qualifiedName":"NewSuggestedArticles","href":"screens_NewSuggestedArticles/screens_NewSuggestedArticles-library.html","type":"library","overriddenDepth":0,"packageName":"milk_matters_interface"},{"name":"NewSuggestedArticle","qualifiedName":"NewSuggestedArticles.NewSuggestedArticle","href":"screens_NewSuggestedArticles/NewSuggestedArticle-class.html","type":"class","overriddenDepth":0,"packageName":"milk_matters_interface","enclosedBy":{"name":"NewSuggestedArticles","type":"library"}},{"name":"NewSuggestedArticle","qualifiedName":"NewSuggestedArticles.NewSuggestedArticle.NewSuggestedArticle","href":"screens_NewSuggestedArticles/NewSuggestedArticle/NewSuggestedArticle.html","type":"constructor","overriddenDepth":0,"packageName":"milk_matters_interface","enclosedBy":{"name":"NewSuggestedArticle","type":"class"}},{"name":"createState","qualifiedName":"NewSuggestedArticles.NewSuggestedArticle.createState","href":"screens_NewSuggestedArticles/NewSuggestedArticle/createState.html","type":"method","overriddenDepth":1,"packageName":"milk_matters_interface","enclosedBy":{"name":"NewSuggestedArticle","type":"class"}},{"name":"edit","qualifiedName":"NewSuggestedArticles.NewSuggestedArticle.edit","href":"screens_NewSuggestedArticles/NewSuggestedArticle/edit.html","type":"property","overriddenDepth":0,"packageName":"milk_matters_interface","enclosedBy":{"name":"NewSuggestedArticle","type":"class"}},{"name":"item","qualifiedName":"NewSuggestedArticles.NewSuggestedArticle.item","href":"screens_NewSuggestedArticles/NewSuggestedArticle/item.html","type":"property","overriddenDepth":0,"packageName":"milk_matters_interface","enclosedBy":{"name":"NewSuggestedArticle","type":"class"}},{"name":"NewsAndEvents","qualifiedName":"NewsAndEvents","href":"screens_NewsAndEvents/screens_NewsAndEvents-library.html","type":"library","overriddenDepth":0,"packageName":"milk_matters_interface"},{"name":"NewsAndEvents","qualifiedName":"NewsAndEvents.NewsAndEvents","href":"screens_NewsAndEvents/NewsAndEvents-class.html","type":"class","overriddenDepth":0,"packageName":"milk_matters_interface","enclosedBy":{"name":"NewsAndEvents","type":"library"}},{"name":"NewsAndEvents","qualifiedName":"NewsAndEvents.NewsAndEvents.NewsAndEvents","href":"screens_NewsAndEvents/NewsAndEvents/NewsAndEvents.html","type":"constructor","overriddenDepth":0,"packageName":"milk_matters_interface","enclosedBy":{"name":"NewsAndEvents","type":"class"}},{"name":"createState","qualifiedName":"NewsAndEvents.NewsAndEvents.createState","href":"screens_NewsAndEvents/NewsAndEvents/createState.html","type":"method","overriddenDepth":1,"packageName":"milk_matters_interface","enclosedBy":{"name":"NewsAndEvents","type":"class"}},{"name":"NewsOrEventItem","qualifiedName":"NewsOrEventItem","href":"models_NewsOrEventItem/models_NewsOrEventItem-library.html","type":"library","overriddenDepth":0,"packageName":"milk_matters_interface"},{"name":"NewsOrEventItem","qualifiedName":"NewsOrEventItem.NewsOrEventItem","href":"models_NewsOrEventItem/NewsOrEventItem-class.html","type":"class","overriddenDepth":0,"packageName":"milk_matters_interface","enclosedBy":{"name":"NewsOrEventItem","type":"library"}},{"name":"NewsOrEventItem","qualifiedName":"NewsOrEventItem.NewsOrEventItem.NewsOrEventItem","href":"models_NewsOrEventItem/NewsOrEventItem/NewsOrEventItem.html","type":"constructor","overriddenDepth":0,"packageName":"milk_matters_interface","enclosedBy":{"name":"NewsOrEventItem","type":"class"}},{"name":"dateAdded","qualifiedName":"NewsOrEventItem.NewsOrEventItem.dateAdded","href":"models_NewsOrEventItem/NewsOrEventItem/dateAdded.html","type":"property","overriddenDepth":0,"packageName":"milk_matters_interface","enclosedBy":{"name":"NewsOrEventItem","type":"class"}},{"name":"description","qualifiedName":"NewsOrEventItem.NewsOrEventItem.description","href":"models_NewsOrEventItem/NewsOrEventItem/description.html","type":"property","overriddenDepth":0,"packageName":"milk_matters_interface","enclosedBy":{"name":"NewsOrEventItem","type":"class"}},{"name":"NewsOrEventItem.fromJson","qualifiedName":"NewsOrEventItem.NewsOrEventItem.fromJson","href":"models_NewsOrEventItem/NewsOrEventItem/NewsOrEventItem.fromJson.html","type":"constructor","overriddenDepth":0,"packageName":"milk_matters_interface","enclosedBy":{"name":"NewsOrEventItem","type":"class"}},{"name":"NewsOrEventItem.fromMap","qualifiedName":"NewsOrEventItem.NewsOrEventItem.fromMap","href":"models_NewsOrEventItem/NewsOrEventItem/NewsOrEventItem.fromMap.html","type":"constructor","overriddenDepth":0,"packageName":"milk_matters_interface","enclosedBy":{"name":"NewsOrEventItem","type":"class"}},{"name":"image","qualifiedName":"NewsOrEventItem.NewsOrEventItem.image","href":"models_NewsOrEventItem/NewsOrEventItem/image.html","type":"property","overriddenDepth":0,"packageName":"milk_matters_interface","enclosedBy":{"name":"NewsOrEventItem","type":"class"}},{"name":"key","qualifiedName":"NewsOrEventItem.NewsOrEventItem.key","href":"models_NewsOrEventItem/NewsOrEventItem/key.html","type":"property","overriddenDepth":0,"packageName":"milk_matters_interface","enclosedBy":{"name":"NewsOrEventItem","type":"class"}},{"name":"title","qualifiedName":"NewsOrEventItem.NewsOrEventItem.title","href":"models_NewsOrEventItem/NewsOrEventItem/title.html","type":"property","overriddenDepth":0,"packageName":"milk_matters_interface","enclosedBy":{"name":"NewsOrEventItem","type":"class"}},{"name":"toMap","qualifiedName":"NewsOrEventItem.NewsOrEventItem.toMap","href":"models_NewsOrEventItem/NewsOrEventItem/toMap.html","type":"method","overriddenDepth":0,"packageName":"milk_matters_interface","enclosedBy":{"name":"NewsOrEventItem","type":"class"}},{"name":"url","qualifiedName":"NewsOrEventItem.NewsOrEventItem.url","href":"models_NewsOrEventItem/NewsOrEventItem/url.html","type":"property","overriddenDepth":0,"packageName":"milk_matters_interface","enclosedBy":{"name":"NewsOrEventItem","type":"class"}},{"name":"RegisterDonorNumber","qualifiedName":"RegisterDonorNumber","href":"screens_RegisterDonorNumber/screens_RegisterDonorNumber-library.html","type":"library","overriddenDepth":0,"packageName":"milk_matters_interface"},{"name":"RegisterDonorNumber","qualifiedName":"RegisterDonorNumber.RegisterDonorNumber","href":"screens_RegisterDonorNumber/RegisterDonorNumber-class.html","type":"class","overriddenDepth":0,"packageName":"milk_matters_interface","enclosedBy":{"name":"RegisterDonorNumber","type":"library"}},{"name":"RegisterDonorNumber","qualifiedName":"RegisterDonorNumber.RegisterDonorNumber.RegisterDonorNumber","href":"screens_RegisterDonorNumber/RegisterDonorNumber/RegisterDonorNumber.html","type":"constructor","overriddenDepth":0,"packageName":"milk_matters_interface","enclosedBy":{"name":"RegisterDonorNumber","type":"class"}},{"name":"createState","qualifiedName":"RegisterDonorNumber.RegisterDonorNumber.createState","href":"screens_RegisterDonorNumber/RegisterDonorNumber/createState.html","type":"method","overriddenDepth":1,"packageName":"milk_matters_interface","enclosedBy":{"name":"RegisterDonorNumber","type":"class"}},{"name":"ResetStaffPassword","qualifiedName":"ResetStaffPassword","href":"screens_ResetStaffPassword/screens_ResetStaffPassword-library.html","type":"library","overriddenDepth":0,"packageName":"milk_matters_interface"},{"name":"ResetStaffPassword","qualifiedName":"ResetStaffPassword.ResetStaffPassword","href":"screens_ResetStaffPassword/ResetStaffPassword-class.html","type":"class","overriddenDepth":0,"packageName":"milk_matters_interface","enclosedBy":{"name":"ResetStaffPassword","type":"library"}},{"name":"ResetStaffPassword","qualifiedName":"ResetStaffPassword.ResetStaffPassword.ResetStaffPassword","href":"screens_ResetStaffPassword/ResetStaffPassword/ResetStaffPassword.html","type":"constructor","overriddenDepth":0,"packageName":"milk_matters_interface","enclosedBy":{"name":"ResetStaffPassword","type":"class"}},{"name":"createState","qualifiedName":"ResetStaffPassword.ResetStaffPassword.createState","href":"screens_ResetStaffPassword/ResetStaffPassword/createState.html","type":"method","overriddenDepth":1,"packageName":"milk_matters_interface","enclosedBy":{"name":"ResetStaffPassword","type":"class"}},{"name":"StaffAccount","qualifiedName":"StaffAccount","href":"models_StaffAccount/models_StaffAccount-library.html","type":"library","overriddenDepth":0,"packageName":"milk_matters_interface"},{"name":"StaffAccount","qualifiedName":"StaffAccount.StaffAccount","href":"models_StaffAccount/StaffAccount-class.html","type":"class","overriddenDepth":0,"packageName":"milk_matters_interface","enclosedBy":{"name":"StaffAccount","type":"library"}},{"name":"StaffAccount","qualifiedName":"StaffAccount.StaffAccount.StaffAccount","href":"models_StaffAccount/StaffAccount/StaffAccount.html","type":"constructor","overriddenDepth":0,"packageName":"milk_matters_interface","enclosedBy":{"name":"StaffAccount","type":"class"}},{"name":"accountType","qualifiedName":"StaffAccount.StaffAccount.accountType","href":"models_StaffAccount/StaffAccount/accountType.html","type":"property","overriddenDepth":0,"packageName":"milk_matters_interface","enclosedBy":{"name":"StaffAccount","type":"class"}},{"name":"email","qualifiedName":"StaffAccount.StaffAccount.email","href":"models_StaffAccount/StaffAccount/email.html","type":"property","overriddenDepth":0,"packageName":"milk_matters_interface","enclosedBy":{"name":"StaffAccount","type":"class"}},{"name":"StaffAccount.fromMap","qualifiedName":"StaffAccount.StaffAccount.fromMap","href":"models_StaffAccount/StaffAccount/StaffAccount.fromMap.html","type":"constructor","overriddenDepth":0,"packageName":"milk_matters_interface","enclosedBy":{"name":"StaffAccount","type":"class"}},{"name":"toMap","qualifiedName":"StaffAccount.StaffAccount.toMap","href":"models_StaffAccount/StaffAccount/toMap.html","type":"method","overriddenDepth":0,"packageName":"milk_matters_interface","enclosedBy":{"name":"StaffAccount","type":"class"}},{"name":"SuggestedArticle","qualifiedName":"SuggestedArticle","href":"models_SuggestedArticle/models_SuggestedArticle-library.html","type":"library","overriddenDepth":0,"packageName":"milk_matters_interface"},{"name":"SuggestedArticle","qualifiedName":"SuggestedArticle.SuggestedArticle","href":"models_SuggestedArticle/SuggestedArticle-class.html","type":"class","overriddenDepth":0,"packageName":"milk_matters_interface","enclosedBy":{"name":"SuggestedArticle","type":"library"}},{"name":"SuggestedArticle","qualifiedName":"SuggestedArticle.SuggestedArticle.SuggestedArticle","href":"models_SuggestedArticle/SuggestedArticle/SuggestedArticle.html","type":"constructor","overriddenDepth":0,"packageName":"milk_matters_interface","enclosedBy":{"name":"SuggestedArticle","type":"class"}},{"name":"category","qualifiedName":"SuggestedArticle.SuggestedArticle.category","href":"models_SuggestedArticle/SuggestedArticle/category.html","type":"property","overriddenDepth":0,"packageName":"milk_matters_interface","enclosedBy":{"name":"SuggestedArticle","type":"class"}},{"name":"comments","qualifiedName":"SuggestedArticle.SuggestedArticle.comments","href":"models_SuggestedArticle/SuggestedArticle/comments.html","type":"property","overriddenDepth":0,"packageName":"milk_matters_interface","enclosedBy":{"name":"SuggestedArticle","type":"class"}},{"name":"dateSuggested","qualifiedName":"SuggestedArticle.SuggestedArticle.dateSuggested","href":"models_SuggestedArticle/SuggestedArticle/dateSuggested.html","type":"property","overriddenDepth":0,"packageName":"milk_matters_interface","enclosedBy":{"name":"SuggestedArticle","type":"class"}},{"name":"donorNumber","qualifiedName":"SuggestedArticle.SuggestedArticle.donorNumber","href":"models_SuggestedArticle/SuggestedArticle/donorNumber.html","type":"property","overriddenDepth":0,"packageName":"milk_matters_interface","enclosedBy":{"name":"SuggestedArticle","type":"class"}},{"name":"SuggestedArticle.fromJson","qualifiedName":"SuggestedArticle.SuggestedArticle.fromJson","href":"models_SuggestedArticle/SuggestedArticle/SuggestedArticle.fromJson.html","type":"constructor","overriddenDepth":0,"packageName":"milk_matters_interface","enclosedBy":{"name":"SuggestedArticle","type":"class"}},{"name":"key","qualifiedName":"SuggestedArticle.SuggestedArticle.key","href":"models_SuggestedArticle/SuggestedArticle/key.html","type":"property","overriddenDepth":0,"packageName":"milk_matters_interface","enclosedBy":{"name":"SuggestedArticle","type":"class"}},{"name":"suggestedBy","qualifiedName":"SuggestedArticle.SuggestedArticle.suggestedBy","href":"models_SuggestedArticle/SuggestedArticle/suggestedBy.html","type":"property","overriddenDepth":0,"packageName":"milk_matters_interface","enclosedBy":{"name":"SuggestedArticle","type":"class"}},{"name":"toMap","qualifiedName":"SuggestedArticle.SuggestedArticle.toMap","href":"models_SuggestedArticle/SuggestedArticle/toMap.html","type":"method","overriddenDepth":0,"packageName":"milk_matters_interface","enclosedBy":{"name":"SuggestedArticle","type":"class"}},{"name":"url","qualifiedName":"SuggestedArticle.SuggestedArticle.url","href":"models_SuggestedArticle/SuggestedArticle/url.html","type":"property","overriddenDepth":0,"packageName":"milk_matters_interface","enclosedBy":{"name":"SuggestedArticle","type":"class"}},{"name":"SuggestedArticles","qualifiedName":"SuggestedArticles","href":"screens_SuggestedArticles/screens_SuggestedArticles-library.html","type":"library","overriddenDepth":0,"packageName":"milk_matters_interface"},{"name":"SuggestedArticles","qualifiedName":"SuggestedArticles.SuggestedArticles","href":"screens_SuggestedArticles/SuggestedArticles-class.html","type":"class","overriddenDepth":0,"packageName":"milk_matters_interface","enclosedBy":{"name":"SuggestedArticles","type":"library"}},{"name":"SuggestedArticles","qualifiedName":"SuggestedArticles.SuggestedArticles.SuggestedArticles","href":"screens_SuggestedArticles/SuggestedArticles/SuggestedArticles.html","type":"constructor","overriddenDepth":0,"packageName":"milk_matters_interface","enclosedBy":{"name":"SuggestedArticles","type":"class"}},{"name":"createState","qualifiedName":"SuggestedArticles.SuggestedArticles.createState","href":"screens_SuggestedArticles/SuggestedArticles/createState.html","type":"method","overriddenDepth":1,"packageName":"milk_matters_interface","enclosedBy":{"name":"SuggestedArticles","type":"class"}},{"name":"generated_plugin_registrant","qualifiedName":"generated_plugin_registrant","href":"generated_plugin_registrant/generated_plugin_registrant-library.html","type":"library","overriddenDepth":0,"packageName":"milk_matters_interface"},{"name":"registerPlugins","qualifiedName":"generated_plugin_registrant.registerPlugins","href":"generated_plugin_registrant/registerPlugins.html","type":"function","overriddenDepth":0,"packageName":"milk_matters_interface","enclosedBy":{"name":"generated_plugin_registrant","type":"library"}},{"name":"main","qualifiedName":"main","href":"main/main-library.html","type":"library","overriddenDepth":0,"packageName":"milk_matters_interface"},{"name":"main","qualifiedName":"main.main","href":"main/main.html","type":"function","overriddenDepth":0,"packageName":"milk_matters_interface","enclosedBy":{"name":"main","type":"library"}}]
